<?xml version="1.0" encoding="UTF-8"?>
<gpx creator="StravaGPX" version="1.1" xmlns="http://www.topografix.com/GPX/1/1" xmlns:xsi="http://www.w3.org/2001/XMLSchema-instance" xsi:schemaLocation="http://www.topografix.com/GPX/1/1 http://www.topografix.com/GPX/1/1/gpx.xsd">
 <metadata>
  <name>FUSKY 55K 2026 (22-07-26)</name>
  <author>
   <name>Andrea Tomè 🚀</name>
   <link href="https://www.strava.com/athletes/363427"/>
  </author>
  <copyright author="OpenStreetMap contributors">
   <year>2020</year>
   <license>https://www.openstreetmap.org/copyright</license>
  </copyright>
  <link href="https://www.strava.com/routes/3514876591811417232"/>
 </metadata>
 <trk>
  <name>FUSKY 55K 2026 (22-07-26)</name>
  <link href="https://www.strava.com/routes/3514876591811417232"/>
  <type>trail_running</type>
  <trkseg>
   <trkpt lat="46.29066" lon="11.46283">
    <ele>1000.14</ele>
   </trkpt>
   <trkpt lat="46.29095" lon="11.46183">
    <ele>998.7800000000001</ele>
   </trkpt>
   <trkpt lat="46.29111" lon="11.461310000000001">
    <ele>998.4000000000001</ele>
   </trkpt>
   <trkpt lat="46.29124" lon="11.46081">
    <ele>997.65</ele>
   </trkpt>
   <trkpt lat="46.29126" lon="11.460540000000002">
    <ele>997.5500000000001</ele>
   </trkpt>
   <trkpt lat="46.291360000000005" lon="11.460350000000002">
    <ele>997.7500000000001</ele>
   </trkpt>
   <trkpt lat="46.291630000000005" lon="11.460080000000001">
    <ele>999.11</ele>
   </trkpt>
   <trkpt lat="46.29166" lon="11.46">
    <ele>999.11</ele>
   </trkpt>
   <trkpt lat="46.29178" lon="11.4601">
    <ele>1000.0</ele>
   </trkpt>
   <trkpt lat="46.29178" lon="11.460130000000001">
    <ele>1000.0</ele>
   </trkpt>
   <trkpt lat="46.29196" lon="11.460130000000001">
    <ele>1003.3700000000001</ele>
   </trkpt>
   <trkpt lat="46.29216" lon="11.460170000000002">
    <ele>1005.0600000000001</ele>
   </trkpt>
   <trkpt lat="46.292300000000004" lon="11.460270000000001">
    <ele>1007.6700000000001</ele>
   </trkpt>
   <trkpt lat="46.292440000000006" lon="11.460410000000001">
    <ele>1008.68</ele>
   </trkpt>
   <trkpt lat="46.29263" lon="11.460460000000001">
    <ele>1009.8</ele>
   </trkpt>
   <trkpt lat="46.292460000000005" lon="11.46127">
    <ele>1015.5800000000002</ele>
   </trkpt>
   <trkpt lat="46.29238" lon="11.46197">
    <ele>1019.2</ele>
   </trkpt>
   <trkpt lat="46.292410000000004" lon="11.462200000000001">
    <ele>1020.5500000000001</ele>
   </trkpt>
   <trkpt lat="46.292330003401304" lon="11.46308500143296">
    <ele>1028.58</ele>
   </trkpt>
   <trkpt lat="46.29225" lon="11.463970000000002">
    <ele>1036.18</ele>
   </trkpt>
   <trkpt lat="46.292" lon="11.46489">
    <ele>1044.7600000000002</ele>
   </trkpt>
   <trkpt lat="46.291990000000006" lon="11.465050000000002">
    <ele>1046.8600000000001</ele>
   </trkpt>
   <trkpt lat="46.29205" lon="11.465110000000001">
    <ele>1046.8600000000001</ele>
   </trkpt>
   <trkpt lat="46.29258" lon="11.464210000000001">
    <ele>1058.87</ele>
   </trkpt>
   <trkpt lat="46.29271000000001" lon="11.464120000000001">
    <ele>1060.09</ele>
   </trkpt>
   <trkpt lat="46.29278" lon="11.46413">
    <ele>1060.09</ele>
   </trkpt>
   <trkpt lat="46.292770000000004" lon="11.464500000000001">
    <ele>1062.3200000000002</ele>
   </trkpt>
   <trkpt lat="46.29269" lon="11.46512">
    <ele>1066.8600000000001</ele>
   </trkpt>
   <trkpt lat="46.29274" lon="11.46593">
    <ele>1073.68</ele>
   </trkpt>
   <trkpt lat="46.29274" lon="11.466270000000002">
    <ele>1074.77</ele>
   </trkpt>
   <trkpt lat="46.29281" lon="11.46662">
    <ele>1075.0700000000002</ele>
   </trkpt>
   <trkpt lat="46.29287" lon="11.466790000000001">
    <ele>1075.13</ele>
   </trkpt>
   <trkpt lat="46.29319" lon="11.4671">
    <ele>1076.06</ele>
   </trkpt>
   <trkpt lat="46.29341" lon="11.46728">
    <ele>1076.0800000000002</ele>
   </trkpt>
   <trkpt lat="46.293890000000005" lon="11.467910000000002">
    <ele>1077.8600000000001</ele>
   </trkpt>
   <trkpt lat="46.294230000000006" lon="11.468660000000002">
    <ele>1083.5400000000002</ele>
   </trkpt>
   <trkpt lat="46.2944" lon="11.46921">
    <ele>1086.8300000000002</ele>
   </trkpt>
   <trkpt lat="46.294560000000004" lon="11.46986">
    <ele>1093.18</ele>
   </trkpt>
   <trkpt lat="46.29467" lon="11.470220000000001">
    <ele>1095.93</ele>
   </trkpt>
   <trkpt lat="46.29486000000001" lon="11.47062">
    <ele>1097.46</ele>
   </trkpt>
   <trkpt lat="46.294900000000005" lon="11.47075">
    <ele>1097.1200000000001</ele>
   </trkpt>
   <trkpt lat="46.29513" lon="11.471200000000001">
    <ele>1095.17</ele>
   </trkpt>
   <trkpt lat="46.295350000000006" lon="11.47203">
    <ele>1089.67</ele>
   </trkpt>
   <trkpt lat="46.29538" lon="11.47222">
    <ele>1088.47</ele>
   </trkpt>
   <trkpt lat="46.295350000000006" lon="11.472760000000001">
    <ele>1086.81</ele>
   </trkpt>
   <trkpt lat="46.295300000000005" lon="11.4731">
    <ele>1086.15</ele>
   </trkpt>
   <trkpt lat="46.29529" lon="11.473310000000001">
    <ele>1085.9800000000002</ele>
   </trkpt>
   <trkpt lat="46.29536" lon="11.47344">
    <ele>1085.8100000000002</ele>
   </trkpt>
   <trkpt lat="46.295440000000006" lon="11.473540000000002">
    <ele>1085.5700000000002</ele>
   </trkpt>
   <trkpt lat="46.29553000000001" lon="11.47358">
    <ele>1085.2700000000002</ele>
   </trkpt>
   <trkpt lat="46.29561" lon="11.473650000000001">
    <ele>1084.45</ele>
   </trkpt>
   <trkpt lat="46.29565" lon="11.473780000000001">
    <ele>1084.0400000000002</ele>
   </trkpt>
   <trkpt lat="46.295860000000005" lon="11.47455">
    <ele>1079.82</ele>
   </trkpt>
   <trkpt lat="46.296020000000006" lon="11.47577">
    <ele>1075.76</ele>
   </trkpt>
   <trkpt lat="46.29612" lon="11.476080000000001">
    <ele>1074.0400000000002</ele>
   </trkpt>
   <trkpt lat="46.296240000000004" lon="11.476180000000001">
    <ele>1072.7</ele>
   </trkpt>
   <trkpt lat="46.29666" lon="11.47625">
    <ele>1075.1000000000001</ele>
   </trkpt>
   <trkpt lat="46.297000000000004" lon="11.47633">
    <ele>1080.7300000000002</ele>
   </trkpt>
   <trkpt lat="46.297070000000005" lon="11.476410000000001">
    <ele>1081.3600000000001</ele>
   </trkpt>
   <trkpt lat="46.297070000000005" lon="11.47653">
    <ele>1082.45</ele>
   </trkpt>
   <trkpt lat="46.29699" lon="11.47691">
    <ele>1084.87</ele>
   </trkpt>
   <trkpt lat="46.29702" lon="11.477310000000001">
    <ele>1086.1000000000001</ele>
   </trkpt>
   <trkpt lat="46.296980000000005" lon="11.477430000000002">
    <ele>1086.8300000000002</ele>
   </trkpt>
   <trkpt lat="46.296780000000005" lon="11.47779">
    <ele>1089.9</ele>
   </trkpt>
   <trkpt lat="46.29674000000001" lon="11.47798">
    <ele>1090.54</ele>
   </trkpt>
   <trkpt lat="46.296850000000006" lon="11.47892">
    <ele>1094.5600000000002</ele>
   </trkpt>
   <trkpt lat="46.296940000000006" lon="11.479260000000002">
    <ele>1095.64</ele>
   </trkpt>
   <trkpt lat="46.296980000000005" lon="11.479330000000001">
    <ele>1096.24</ele>
   </trkpt>
   <trkpt lat="46.29703000000001" lon="11.479330000000001">
    <ele>1096.6</ele>
   </trkpt>
   <trkpt lat="46.29706" lon="11.4793">
    <ele>1096.6</ele>
   </trkpt>
   <trkpt lat="46.297050000000006" lon="11.47893">
    <ele>1099.41</ele>
   </trkpt>
   <trkpt lat="46.29706" lon="11.478850000000001">
    <ele>1099.41</ele>
   </trkpt>
   <trkpt lat="46.29722" lon="11.479740000000001">
    <ele>1097.25</ele>
   </trkpt>
   <trkpt lat="46.29730000000001" lon="11.47999">
    <ele>1096.7900000000002</ele>
   </trkpt>
   <trkpt lat="46.29742" lon="11.48018">
    <ele>1096.2800000000002</ele>
   </trkpt>
   <trkpt lat="46.29768000000001" lon="11.480450000000001">
    <ele>1095.6100000000001</ele>
   </trkpt>
   <trkpt lat="46.29778" lon="11.480580000000002">
    <ele>1095.49</ele>
   </trkpt>
   <trkpt lat="46.297880000000006" lon="11.480770000000001">
    <ele>1095.31</ele>
   </trkpt>
   <trkpt lat="46.298" lon="11.48084">
    <ele>1095.3500000000001</ele>
   </trkpt>
   <trkpt lat="46.29829" lon="11.48094">
    <ele>1095.31</ele>
   </trkpt>
   <trkpt lat="46.2984" lon="11.481000000000002">
    <ele>1095.23</ele>
   </trkpt>
   <trkpt lat="46.298570000000005" lon="11.481140000000002">
    <ele>1095.0900000000001</ele>
   </trkpt>
   <trkpt lat="46.29858" lon="11.481150000000001">
    <ele>1095.0900000000001</ele>
   </trkpt>
   <trkpt lat="46.2986" lon="11.481240000000001">
    <ele>1095.04</ele>
   </trkpt>
   <trkpt lat="46.298550000000006" lon="11.48137">
    <ele>1095.07</ele>
   </trkpt>
   <trkpt lat="46.29833000000001" lon="11.481530000000001">
    <ele>1095.23</ele>
   </trkpt>
   <trkpt lat="46.29804" lon="11.481860000000001">
    <ele>1100.15</ele>
   </trkpt>
   <trkpt lat="46.297920000000005" lon="11.482050000000001">
    <ele>1103.17</ele>
   </trkpt>
   <trkpt lat="46.297830000000005" lon="11.48235">
    <ele>1106.68</ele>
   </trkpt>
   <trkpt lat="46.297810000000005" lon="11.482660000000001">
    <ele>1111.43</ele>
   </trkpt>
   <trkpt lat="46.29777000000001" lon="11.48281">
    <ele>1112.91</ele>
   </trkpt>
   <trkpt lat="46.29766" lon="11.48287">
    <ele>1113.21</ele>
   </trkpt>
   <trkpt lat="46.29751" lon="11.482880000000002">
    <ele>1112.98</ele>
   </trkpt>
   <trkpt lat="46.297340000000005" lon="11.48315">
    <ele>1111.58</ele>
   </trkpt>
   <trkpt lat="46.29703000000001" lon="11.48393">
    <ele>1107.39</ele>
   </trkpt>
   <trkpt lat="46.296890000000005" lon="11.484580000000001">
    <ele>1104.5500000000002</ele>
   </trkpt>
   <trkpt lat="46.296765002175356" lon="11.485285001559165">
    <ele>1103.02</ele>
   </trkpt>
   <trkpt lat="46.296640000000004" lon="11.485990000000001">
    <ele>1096.4</ele>
   </trkpt>
   <trkpt lat="46.296510000000005" lon="11.486410000000001">
    <ele>1092.93</ele>
   </trkpt>
   <trkpt lat="46.296350000000004" lon="11.4867">
    <ele>1089.3400000000001</ele>
   </trkpt>
   <trkpt lat="46.296240000000004" lon="11.4868">
    <ele>1088.42</ele>
   </trkpt>
   <trkpt lat="46.296150000000004" lon="11.48695">
    <ele>1083.25</ele>
   </trkpt>
   <trkpt lat="46.296130000000005" lon="11.48704">
    <ele>1083.25</ele>
   </trkpt>
   <trkpt lat="46.296130000000005" lon="11.48741">
    <ele>1077.0700000000002</ele>
   </trkpt>
   <trkpt lat="46.29608" lon="11.48759">
    <ele>1075.9800000000002</ele>
   </trkpt>
   <trkpt lat="46.296060000000004" lon="11.48789">
    <ele>1072.68</ele>
   </trkpt>
   <trkpt lat="46.296060000000004" lon="11.48808">
    <ele>1071.6100000000001</ele>
   </trkpt>
   <trkpt lat="46.296110000000006" lon="11.48839">
    <ele>1068.3</ele>
   </trkpt>
   <trkpt lat="46.29612" lon="11.48872">
    <ele>1066.6100000000001</ele>
   </trkpt>
   <trkpt lat="46.2962450027817" lon="11.489524997885809">
    <ele>1063.46</ele>
   </trkpt>
   <trkpt lat="46.29637" lon="11.49033">
    <ele>1063.05</ele>
   </trkpt>
   <trkpt lat="46.2965" lon="11.49098">
    <ele>1062.9700000000003</ele>
   </trkpt>
   <trkpt lat="46.296580000000006" lon="11.491240000000001">
    <ele>1063.5400000000002</ele>
   </trkpt>
   <trkpt lat="46.29663" lon="11.49127">
    <ele>1064.27</ele>
   </trkpt>
   <trkpt lat="46.296940000000006" lon="11.491290000000001">
    <ele>1065.35</ele>
   </trkpt>
   <trkpt lat="46.297050000000006" lon="11.49135">
    <ele>1065.91</ele>
   </trkpt>
   <trkpt lat="46.29711" lon="11.49144">
    <ele>1066.47</ele>
   </trkpt>
   <trkpt lat="46.29712000000001" lon="11.49163">
    <ele>1067.6000000000001</ele>
   </trkpt>
   <trkpt lat="46.297160000000005" lon="11.491710000000001">
    <ele>1067.91</ele>
   </trkpt>
   <trkpt lat="46.29771" lon="11.492220000000001">
    <ele>1066.98</ele>
   </trkpt>
   <trkpt lat="46.297720000000005" lon="11.4923">
    <ele>1067.2400000000002</ele>
   </trkpt>
   <trkpt lat="46.29782" lon="11.49234">
    <ele>1068.69</ele>
   </trkpt>
   <trkpt lat="46.29813" lon="11.49258">
    <ele>1075.53</ele>
   </trkpt>
   <trkpt lat="46.298320000000004" lon="11.4928">
    <ele>1083.9</ele>
   </trkpt>
   <trkpt lat="46.29845" lon="11.4929">
    <ele>1086.17</ele>
   </trkpt>
   <trkpt lat="46.29856" lon="11.49304">
    <ele>1087.64</ele>
   </trkpt>
   <trkpt lat="46.29856" lon="11.49305">
    <ele>1087.64</ele>
   </trkpt>
   <trkpt lat="46.29856" lon="11.493110000000001">
    <ele>1088.27</ele>
   </trkpt>
   <trkpt lat="46.29845" lon="11.493120000000001">
    <ele>1089.42</ele>
   </trkpt>
   <trkpt lat="46.29805" lon="11.49332">
    <ele>1100.67</ele>
   </trkpt>
   <trkpt lat="46.29796" lon="11.49369">
    <ele>1104.89</ele>
   </trkpt>
   <trkpt lat="46.29773" lon="11.49418">
    <ele>1106.24</ele>
   </trkpt>
   <trkpt lat="46.29744" lon="11.494570000000001">
    <ele>1106.95</ele>
   </trkpt>
   <trkpt lat="46.29733" lon="11.494850000000001">
    <ele>1108.2</ele>
   </trkpt>
   <trkpt lat="46.297160000000005" lon="11.494860000000001">
    <ele>1108.2500000000002</ele>
   </trkpt>
   <trkpt lat="46.297090000000004" lon="11.49497">
    <ele>1108.1000000000001</ele>
   </trkpt>
   <trkpt lat="46.297090000000004" lon="11.49507">
    <ele>1107.5400000000002</ele>
   </trkpt>
   <trkpt lat="46.29702" lon="11.49525">
    <ele>1107.3500000000001</ele>
   </trkpt>
   <trkpt lat="46.296710000000004" lon="11.49543">
    <ele>1107.8000000000002</ele>
   </trkpt>
   <trkpt lat="46.29645000000001" lon="11.495460000000001">
    <ele>1108.3100000000002</ele>
   </trkpt>
   <trkpt lat="46.29634" lon="11.495640000000002">
    <ele>1108.0500000000002</ele>
   </trkpt>
   <trkpt lat="46.296220000000005" lon="11.495920000000002">
    <ele>1107.3200000000002</ele>
   </trkpt>
   <trkpt lat="46.2961" lon="11.49595">
    <ele>1107.24</ele>
   </trkpt>
   <trkpt lat="46.295910000000006" lon="11.495730000000002">
    <ele>1107.49</ele>
   </trkpt>
   <trkpt lat="46.29578" lon="11.495780000000002">
    <ele>1107.3000000000002</ele>
   </trkpt>
   <trkpt lat="46.29565" lon="11.49618">
    <ele>1106.29</ele>
   </trkpt>
   <trkpt lat="46.295640000000006" lon="11.496360000000001">
    <ele>1106.29</ele>
   </trkpt>
   <trkpt lat="46.29553000000001" lon="11.496500000000001">
    <ele>1106.68</ele>
   </trkpt>
   <trkpt lat="46.29542000000001" lon="11.49652">
    <ele>1107.3500000000001</ele>
   </trkpt>
   <trkpt lat="46.295120000000004" lon="11.49666">
    <ele>1107.41</ele>
   </trkpt>
   <trkpt lat="46.29506000000001" lon="11.49707">
    <ele>1106.83</ele>
   </trkpt>
   <trkpt lat="46.29477000000001" lon="11.49731">
    <ele>1107.49</ele>
   </trkpt>
   <trkpt lat="46.294740000000004" lon="11.49731">
    <ele>1107.61</ele>
   </trkpt>
   <trkpt lat="46.294630000000005" lon="11.49704">
    <ele>1108.6200000000001</ele>
   </trkpt>
   <trkpt lat="46.29457000000001" lon="11.49699">
    <ele>1108.7900000000002</ele>
   </trkpt>
   <trkpt lat="46.294290000000004" lon="11.497300000000001">
    <ele>1108.44</ele>
   </trkpt>
   <trkpt lat="46.29415" lon="11.49735">
    <ele>1108.88</ele>
   </trkpt>
   <trkpt lat="46.29402" lon="11.49726">
    <ele>1109.0800000000002</ele>
   </trkpt>
   <trkpt lat="46.29388" lon="11.49726">
    <ele>1109.16</ele>
   </trkpt>
   <trkpt lat="46.293730000000004" lon="11.49737">
    <ele>1109.07</ele>
   </trkpt>
   <trkpt lat="46.293620000000004" lon="11.497280000000002">
    <ele>1109.1000000000001</ele>
   </trkpt>
   <trkpt lat="46.293350000000004" lon="11.497340000000001">
    <ele>1109.07</ele>
   </trkpt>
   <trkpt lat="46.29321" lon="11.49735">
    <ele>1109.2000000000003</ele>
   </trkpt>
   <trkpt lat="46.29296" lon="11.49746">
    <ele>1108.81</ele>
   </trkpt>
   <trkpt lat="46.292680000000004" lon="11.497700000000002">
    <ele>1107.66</ele>
   </trkpt>
   <trkpt lat="46.292480000000005" lon="11.49792">
    <ele>1107.24</ele>
   </trkpt>
   <trkpt lat="46.29229" lon="11.498230000000001">
    <ele>1107.2700000000002</ele>
   </trkpt>
   <trkpt lat="46.292170000000006" lon="11.498560000000001">
    <ele>1110.6100000000001</ele>
   </trkpt>
   <trkpt lat="46.29205" lon="11.49909">
    <ele>1113.48</ele>
   </trkpt>
   <trkpt lat="46.292010000000005" lon="11.49942">
    <ele>1114.88</ele>
   </trkpt>
   <trkpt lat="46.29211" lon="11.49995">
    <ele>1118.9</ele>
   </trkpt>
   <trkpt lat="46.29211" lon="11.50018">
    <ele>1119.3200000000002</ele>
   </trkpt>
   <trkpt lat="46.291920000000005" lon="11.50065">
    <ele>1116.16</ele>
   </trkpt>
   <trkpt lat="46.291830000000004" lon="11.50074">
    <ele>1114.78</ele>
   </trkpt>
   <trkpt lat="46.29169" lon="11.50098">
    <ele>1110.5500000000002</ele>
   </trkpt>
   <trkpt lat="46.291630000000005" lon="11.50117">
    <ele>1108.24</ele>
   </trkpt>
   <trkpt lat="46.29164" lon="11.50153">
    <ele>1104.56</ele>
   </trkpt>
   <trkpt lat="46.291610000000006" lon="11.50192">
    <ele>1099.22</ele>
   </trkpt>
   <trkpt lat="46.29146" lon="11.502220000000001">
    <ele>1095.8700000000001</ele>
   </trkpt>
   <trkpt lat="46.291470000000004" lon="11.502830000000001">
    <ele>1089.02</ele>
   </trkpt>
   <trkpt lat="46.29131" lon="11.503190000000002">
    <ele>1085.5100000000002</ele>
   </trkpt>
   <trkpt lat="46.291290000000004" lon="11.50327">
    <ele>1085.05</ele>
   </trkpt>
   <trkpt lat="46.291230000000006" lon="11.503290000000002">
    <ele>1084.3</ele>
   </trkpt>
   <trkpt lat="46.29081" lon="11.503210000000001">
    <ele>1082.17</ele>
   </trkpt>
   <trkpt lat="46.29079" lon="11.503430000000002">
    <ele>1080.0</ele>
   </trkpt>
   <trkpt lat="46.290800000000004" lon="11.503660000000002">
    <ele>1080.0</ele>
   </trkpt>
   <trkpt lat="46.29088" lon="11.503850000000002">
    <ele>1073.72</ele>
   </trkpt>
   <trkpt lat="46.29104" lon="11.50406">
    <ele>1071.58</ele>
   </trkpt>
   <trkpt lat="46.29119" lon="11.5045">
    <ele>1067.0700000000002</ele>
   </trkpt>
   <trkpt lat="46.29133" lon="11.504610000000001">
    <ele>1064.01</ele>
   </trkpt>
   <trkpt lat="46.29131" lon="11.50491">
    <ele>1044.68</ele>
   </trkpt>
   <trkpt lat="46.29119" lon="11.50515">
    <ele>1038.99</ele>
   </trkpt>
   <trkpt lat="46.290960000000005" lon="11.505260000000002">
    <ele>1038.88</ele>
   </trkpt>
   <trkpt lat="46.290760000000006" lon="11.505410000000001">
    <ele>1035.28</ele>
   </trkpt>
   <trkpt lat="46.2905" lon="11.505450000000002">
    <ele>1033.93</ele>
   </trkpt>
   <trkpt lat="46.29025" lon="11.50534">
    <ele>1033.76</ele>
   </trkpt>
   <trkpt lat="46.290060000000004" lon="11.50497">
    <ele>1034.28</ele>
   </trkpt>
   <trkpt lat="46.289950000000005" lon="11.50487">
    <ele>1035.15</ele>
   </trkpt>
   <trkpt lat="46.28974" lon="11.50481">
    <ele>1031.95</ele>
   </trkpt>
   <trkpt lat="46.289550000000006" lon="11.504790000000002">
    <ele>1030.55</ele>
   </trkpt>
   <trkpt lat="46.28945" lon="11.504850000000001">
    <ele>1026.8000000000002</ele>
   </trkpt>
   <trkpt lat="46.28914" lon="11.505230000000001">
    <ele>1021.8200000000002</ele>
   </trkpt>
   <trkpt lat="46.289080000000006" lon="11.50534">
    <ele>1021.8200000000002</ele>
   </trkpt>
   <trkpt lat="46.289010000000005" lon="11.505540000000002">
    <ele>1020.17</ele>
   </trkpt>
   <trkpt lat="46.288940000000004" lon="11.506060000000002">
    <ele>1016.1900000000002</ele>
   </trkpt>
   <trkpt lat="46.28907" lon="11.50664">
    <ele>1012.3600000000001</ele>
   </trkpt>
   <trkpt lat="46.28905" lon="11.506730000000001">
    <ele>1011.2100000000002</ele>
   </trkpt>
   <trkpt lat="46.289010000000005" lon="11.506730000000001">
    <ele>1010.5500000000001</ele>
   </trkpt>
   <trkpt lat="46.288920000000005" lon="11.50669">
    <ele>1008.4200000000001</ele>
   </trkpt>
   <trkpt lat="46.28878" lon="11.50656">
    <ele>1007.0300000000001</ele>
   </trkpt>
   <trkpt lat="46.28869" lon="11.506430000000002">
    <ele>1005.71</ele>
   </trkpt>
   <trkpt lat="46.28855" lon="11.506340000000002">
    <ele>1002.5700000000002</ele>
   </trkpt>
   <trkpt lat="46.288540000000005" lon="11.50633">
    <ele>1002.5700000000002</ele>
   </trkpt>
   <trkpt lat="46.288560000000004" lon="11.506450000000001">
    <ele>1001.8500000000001</ele>
   </trkpt>
   <trkpt lat="46.28862" lon="11.506620000000002">
    <ele>1001.1700000000001</ele>
   </trkpt>
   <trkpt lat="46.288810000000005" lon="11.506960000000001">
    <ele>998.6400000000001</ele>
   </trkpt>
   <trkpt lat="46.28898" lon="11.50721">
    <ele>995.89</ele>
   </trkpt>
   <trkpt lat="46.28911" lon="11.50736">
    <ele>993.9700000000001</ele>
   </trkpt>
   <trkpt lat="46.2892" lon="11.507530000000001">
    <ele>993.2</ele>
   </trkpt>
   <trkpt lat="46.289350000000006" lon="11.507570000000001">
    <ele>993.1500000000001</ele>
   </trkpt>
   <trkpt lat="46.289480000000005" lon="11.507650000000002">
    <ele>993.08</ele>
   </trkpt>
   <trkpt lat="46.289530000000006" lon="11.507700000000002">
    <ele>993.08</ele>
   </trkpt>
   <trkpt lat="46.289570000000005" lon="11.507790000000002">
    <ele>993.07</ele>
   </trkpt>
   <trkpt lat="46.28960000000001" lon="11.507890000000002">
    <ele>993.09</ele>
   </trkpt>
   <trkpt lat="46.289590000000004" lon="11.50801">
    <ele>993.16</ele>
   </trkpt>
   <trkpt lat="46.289480000000005" lon="11.509030000000001">
    <ele>992.94</ele>
   </trkpt>
   <trkpt lat="46.28956" lon="11.509260000000001">
    <ele>993.25</ele>
   </trkpt>
   <trkpt lat="46.28974" lon="11.509910000000001">
    <ele>998.2500000000001</ele>
   </trkpt>
   <trkpt lat="46.289860000000004" lon="11.510200000000001">
    <ele>1000.6300000000001</ele>
   </trkpt>
   <trkpt lat="46.290130000000005" lon="11.51097">
    <ele>1006.7300000000001</ele>
   </trkpt>
   <trkpt lat="46.290200000000006" lon="11.5113">
    <ele>1008.37</ele>
   </trkpt>
   <trkpt lat="46.29016000000001" lon="11.51149">
    <ele>1008.85</ele>
   </trkpt>
   <trkpt lat="46.29028" lon="11.51153">
    <ele>1009.9800000000001</ele>
   </trkpt>
   <trkpt lat="46.290580000000006" lon="11.51172">
    <ele>1014.96</ele>
   </trkpt>
   <trkpt lat="46.29074000000001" lon="11.511930000000001">
    <ele>1017.4800000000001</ele>
   </trkpt>
   <trkpt lat="46.29081" lon="11.5121">
    <ele>1019.5800000000002</ele>
   </trkpt>
   <trkpt lat="46.29081" lon="11.51223">
    <ele>1020.9200000000001</ele>
   </trkpt>
   <trkpt lat="46.29072" lon="11.51285">
    <ele>1025.64</ele>
   </trkpt>
   <trkpt lat="46.29072" lon="11.5134">
    <ele>1032.1200000000001</ele>
   </trkpt>
   <trkpt lat="46.2907" lon="11.51368">
    <ele>1034.01</ele>
   </trkpt>
   <trkpt lat="46.290580000000006" lon="11.51435">
    <ele>1042.3999999999999</ele>
   </trkpt>
   <trkpt lat="46.29055" lon="11.515">
    <ele>1048.48</ele>
   </trkpt>
   <trkpt lat="46.29057" lon="11.51537">
    <ele>1052.2600000000002</ele>
   </trkpt>
   <trkpt lat="46.290510000000005" lon="11.515720000000002">
    <ele>1055.21</ele>
   </trkpt>
   <trkpt lat="46.290490000000005" lon="11.515960000000002">
    <ele>1058.44</ele>
   </trkpt>
   <trkpt lat="46.2905" lon="11.51623">
    <ele>1062.2200000000003</ele>
   </trkpt>
   <trkpt lat="46.29052" lon="11.51636">
    <ele>1062.2200000000003</ele>
   </trkpt>
   <trkpt lat="46.29064" lon="11.516760000000001">
    <ele>1067.8700000000001</ele>
   </trkpt>
   <trkpt lat="46.290690000000005" lon="11.517130000000002">
    <ele>1073.63</ele>
   </trkpt>
   <trkpt lat="46.2907" lon="11.517410000000002">
    <ele>1076.24</ele>
   </trkpt>
   <trkpt lat="46.29063000000001" lon="11.517660000000001">
    <ele>1079.91</ele>
   </trkpt>
   <trkpt lat="46.2905" lon="11.51833">
    <ele>1086.23</ele>
   </trkpt>
   <trkpt lat="46.290400000000005" lon="11.51856">
    <ele>1089.68</ele>
   </trkpt>
   <trkpt lat="46.289970000000004" lon="11.518740000000001">
    <ele>1099.4</ele>
   </trkpt>
   <trkpt lat="46.28987" lon="11.5188">
    <ele>1099.4</ele>
   </trkpt>
   <trkpt lat="46.28972" lon="11.519070000000001">
    <ele>1108.21</ele>
   </trkpt>
   <trkpt lat="46.289660000000005" lon="11.519340000000001">
    <ele>1112.5800000000002</ele>
   </trkpt>
   <trkpt lat="46.289620000000006" lon="11.51974">
    <ele>1117.44</ele>
   </trkpt>
   <trkpt lat="46.289550000000006" lon="11.520140000000001">
    <ele>1120.88</ele>
   </trkpt>
   <trkpt lat="46.289530000000006" lon="11.52055">
    <ele>1126.0100000000002</ele>
   </trkpt>
   <trkpt lat="46.289500000000004" lon="11.520710000000001">
    <ele>1127.21</ele>
   </trkpt>
   <trkpt lat="46.28952000293933" lon="11.521530000044855">
    <ele>1132.6100000000001</ele>
   </trkpt>
   <trkpt lat="46.28954" lon="11.522350000000001">
    <ele>1136.9600000000003</ele>
   </trkpt>
   <trkpt lat="46.28963" lon="11.52303">
    <ele>1144.14</ele>
   </trkpt>
   <trkpt lat="46.289680000000004" lon="11.52326">
    <ele>1145.72</ele>
   </trkpt>
   <trkpt lat="46.28985" lon="11.52363">
    <ele>1149.51</ele>
   </trkpt>
   <trkpt lat="46.28989000000001" lon="11.523850000000001">
    <ele>1152.4800000000002</ele>
   </trkpt>
   <trkpt lat="46.28983" lon="11.52419">
    <ele>1155.6000000000001</ele>
   </trkpt>
   <trkpt lat="46.28983" lon="11.524500000000002">
    <ele>1156.4800000000002</ele>
   </trkpt>
   <trkpt lat="46.28987" lon="11.52462">
    <ele>1158.42</ele>
   </trkpt>
   <trkpt lat="46.290000000000006" lon="11.524650000000001">
    <ele>1158.42</ele>
   </trkpt>
   <trkpt lat="46.290110000000006" lon="11.52472">
    <ele>1161.22</ele>
   </trkpt>
   <trkpt lat="46.29021" lon="11.52481">
    <ele>1162.43</ele>
   </trkpt>
   <trkpt lat="46.290290000000006" lon="11.52541">
    <ele>1167.58</ele>
   </trkpt>
   <trkpt lat="46.29036000000001" lon="11.5256">
    <ele>1169.3600000000001</ele>
   </trkpt>
   <trkpt lat="46.290620000000004" lon="11.52618">
    <ele>1173.88</ele>
   </trkpt>
   <trkpt lat="46.290690000000005" lon="11.526510000000002">
    <ele>1175.94</ele>
   </trkpt>
   <trkpt lat="46.29065000000001" lon="11.52691">
    <ele>1180.3700000000001</ele>
   </trkpt>
   <trkpt lat="46.29061" lon="11.527140000000001">
    <ele>1181.89</ele>
   </trkpt>
   <trkpt lat="46.29066" lon="11.52735">
    <ele>1183.1100000000001</ele>
   </trkpt>
   <trkpt lat="46.290910000000004" lon="11.52814">
    <ele>1186.8100000000002</ele>
   </trkpt>
   <trkpt lat="46.29110000000001" lon="11.528920000000001">
    <ele>1191.9700000000003</ele>
   </trkpt>
   <trkpt lat="46.29131" lon="11.52955">
    <ele>1196.46</ele>
   </trkpt>
   <trkpt lat="46.29144" lon="11.529720000000001">
    <ele>1199.2800000000002</ele>
   </trkpt>
   <trkpt lat="46.291470000000004" lon="11.529890000000002">
    <ele>1199.8200000000002</ele>
   </trkpt>
   <trkpt lat="46.29148000000001" lon="11.530100000000001">
    <ele>1202.26</ele>
   </trkpt>
   <trkpt lat="46.29157000000001" lon="11.530510000000001">
    <ele>1205.66</ele>
   </trkpt>
   <trkpt lat="46.291850000000004" lon="11.530940000000001">
    <ele>1212.35</ele>
   </trkpt>
   <trkpt lat="46.292" lon="11.53128">
    <ele>1217.3400000000001</ele>
   </trkpt>
   <trkpt lat="46.29205" lon="11.53151">
    <ele>1219.38</ele>
   </trkpt>
   <trkpt lat="46.292060000000006" lon="11.532580000000001">
    <ele>1229.06</ele>
   </trkpt>
   <trkpt lat="46.29216" lon="11.53298">
    <ele>1232.38</ele>
   </trkpt>
   <trkpt lat="46.29224000000001" lon="11.533230000000001">
    <ele>1235.29</ele>
   </trkpt>
   <trkpt lat="46.292370000000005" lon="11.533470000000001">
    <ele>1237.73</ele>
   </trkpt>
   <trkpt lat="46.29267" lon="11.53386">
    <ele>1239.51</ele>
   </trkpt>
   <trkpt lat="46.29296" lon="11.53415">
    <ele>1241.19</ele>
   </trkpt>
   <trkpt lat="46.293040000000005" lon="11.534320000000001">
    <ele>1242.2000000000003</ele>
   </trkpt>
   <trkpt lat="46.29312" lon="11.53443">
    <ele>1242.6200000000001</ele>
   </trkpt>
   <trkpt lat="46.293220000000005" lon="11.534510000000001">
    <ele>1242.78</ele>
   </trkpt>
   <trkpt lat="46.29341" lon="11.53472">
    <ele>1243.81</ele>
   </trkpt>
   <trkpt lat="46.293530000000004" lon="11.534820000000002">
    <ele>1244.0300000000002</ele>
   </trkpt>
   <trkpt lat="46.294250000000005" lon="11.53495">
    <ele>1248.28</ele>
   </trkpt>
   <trkpt lat="46.29435" lon="11.534980000000001">
    <ele>1248.48</ele>
   </trkpt>
   <trkpt lat="46.29451" lon="11.535100000000002">
    <ele>1249.5800000000002</ele>
   </trkpt>
   <trkpt lat="46.29471" lon="11.53536">
    <ele>1252.79</ele>
   </trkpt>
   <trkpt lat="46.294790000000006" lon="11.53542">
    <ele>1253.22</ele>
   </trkpt>
   <trkpt lat="46.29491" lon="11.53545">
    <ele>1254.2600000000002</ele>
   </trkpt>
   <trkpt lat="46.295300000000005" lon="11.53545">
    <ele>1256.97</ele>
   </trkpt>
   <trkpt lat="46.295440000000006" lon="11.535430000000002">
    <ele>1256.97</ele>
   </trkpt>
   <trkpt lat="46.295590000000004" lon="11.535340000000001">
    <ele>1257.4</ele>
   </trkpt>
   <trkpt lat="46.295680000000004" lon="11.53531">
    <ele>1258.21</ele>
   </trkpt>
   <trkpt lat="46.29578" lon="11.53531">
    <ele>1258.4</ele>
   </trkpt>
   <trkpt lat="46.295880000000004" lon="11.535390000000001">
    <ele>1259.2</ele>
   </trkpt>
   <trkpt lat="46.29614" lon="11.53537">
    <ele>1261.49</ele>
   </trkpt>
   <trkpt lat="46.296240000000004" lon="11.53545">
    <ele>1262.97</ele>
   </trkpt>
   <trkpt lat="46.29632" lon="11.535480000000002">
    <ele>1263.41</ele>
   </trkpt>
   <trkpt lat="46.296960000000006" lon="11.53545">
    <ele>1266.21</ele>
   </trkpt>
   <trkpt lat="46.297090000000004" lon="11.535400000000001">
    <ele>1266.25</ele>
   </trkpt>
   <trkpt lat="46.29719" lon="11.53542">
    <ele>1266.17</ele>
   </trkpt>
   <trkpt lat="46.29728" lon="11.53547">
    <ele>1266.17</ele>
   </trkpt>
   <trkpt lat="46.29739000000001" lon="11.535580000000001">
    <ele>1266.18</ele>
   </trkpt>
   <trkpt lat="46.29748000000001" lon="11.535620000000002">
    <ele>1266.18</ele>
   </trkpt>
   <trkpt lat="46.297560000000004" lon="11.53574">
    <ele>1266.1200000000001</ele>
   </trkpt>
   <trkpt lat="46.297670000000004" lon="11.535800000000002">
    <ele>1266.0200000000002</ele>
   </trkpt>
   <trkpt lat="46.29824000000001" lon="11.535950000000001">
    <ele>1265.4500000000003</ele>
   </trkpt>
   <trkpt lat="46.2984" lon="11.536010000000001">
    <ele>1265.6900000000003</ele>
   </trkpt>
   <trkpt lat="46.29849" lon="11.536100000000001">
    <ele>1265.94</ele>
   </trkpt>
   <trkpt lat="46.298660000000005" lon="11.53622">
    <ele>1267.0</ele>
   </trkpt>
   <trkpt lat="46.298930000000006" lon="11.53635">
    <ele>1267.68</ele>
   </trkpt>
   <trkpt lat="46.29918000000001" lon="11.536560000000001">
    <ele>1268.6200000000001</ele>
   </trkpt>
   <trkpt lat="46.299380000000006" lon="11.536890000000001">
    <ele>1270.24</ele>
   </trkpt>
   <trkpt lat="46.29959" lon="11.537180000000001">
    <ele>1272.6200000000001</ele>
   </trkpt>
   <trkpt lat="46.29968" lon="11.537220000000001">
    <ele>1272.9</ele>
   </trkpt>
   <trkpt lat="46.30017" lon="11.537650000000001">
    <ele>1274.39</ele>
   </trkpt>
   <trkpt lat="46.30033" lon="11.537650000000001">
    <ele>1274.55</ele>
   </trkpt>
   <trkpt lat="46.30042" lon="11.537690000000001">
    <ele>1274.55</ele>
   </trkpt>
   <trkpt lat="46.300720000000005" lon="11.537920000000002">
    <ele>1275.14</ele>
   </trkpt>
   <trkpt lat="46.30091" lon="11.538160000000001">
    <ele>1276.0600000000002</ele>
   </trkpt>
   <trkpt lat="46.30104" lon="11.53837">
    <ele>1277.5100000000002</ele>
   </trkpt>
   <trkpt lat="46.30127" lon="11.538900000000002">
    <ele>1282.51</ele>
   </trkpt>
   <trkpt lat="46.301320000000004" lon="11.53894">
    <ele>1283.2700000000002</ele>
   </trkpt>
   <trkpt lat="46.30147" lon="11.53898">
    <ele>1284.2900000000002</ele>
   </trkpt>
   <trkpt lat="46.301880000000004" lon="11.538960000000001">
    <ele>1289.86</ele>
   </trkpt>
   <trkpt lat="46.302150000000005" lon="11.539100000000001">
    <ele>1294.48</ele>
   </trkpt>
   <trkpt lat="46.302510000000005" lon="11.539180000000002">
    <ele>1302.57</ele>
   </trkpt>
   <trkpt lat="46.30328" lon="11.539390000000001">
    <ele>1319.13</ele>
   </trkpt>
   <trkpt lat="46.30326" lon="11.539610000000001">
    <ele>1328.27</ele>
   </trkpt>
   <trkpt lat="46.30322" lon="11.539670000000001">
    <ele>1329.7500000000002</ele>
   </trkpt>
   <trkpt lat="46.302890000000005" lon="11.539700000000002">
    <ele>1347.69</ele>
   </trkpt>
   <trkpt lat="46.30265000000001" lon="11.539750000000002">
    <ele>1356.0400000000002</ele>
   </trkpt>
   <trkpt lat="46.30234" lon="11.539930000000002">
    <ele>1372.3200000000002</ele>
   </trkpt>
   <trkpt lat="46.30207" lon="11.540040000000001">
    <ele>1388.71</ele>
   </trkpt>
   <trkpt lat="46.301770000000005" lon="11.540000000000001">
    <ele>1401.9</ele>
   </trkpt>
   <trkpt lat="46.30158" lon="11.54001">
    <ele>1410.8600000000001</ele>
   </trkpt>
   <trkpt lat="46.30145" lon="11.540130000000001">
    <ele>1417.0200000000002</ele>
   </trkpt>
   <trkpt lat="46.301390000000005" lon="11.540280000000001">
    <ele>1426.16</ele>
   </trkpt>
   <trkpt lat="46.301300000000005" lon="11.540420000000001">
    <ele>1426.16</ele>
   </trkpt>
   <trkpt lat="46.3012" lon="11.541">
    <ele>1442.26</ele>
   </trkpt>
   <trkpt lat="46.3012" lon="11.54133">
    <ele>1451.5</ele>
   </trkpt>
   <trkpt lat="46.301140000000004" lon="11.54175">
    <ele>1465.54</ele>
   </trkpt>
   <trkpt lat="46.30106000000001" lon="11.54203">
    <ele>1470.3400000000001</ele>
   </trkpt>
   <trkpt lat="46.30102" lon="11.54227">
    <ele>1475.5300000000002</ele>
   </trkpt>
   <trkpt lat="46.301030000000004" lon="11.542420000000002">
    <ele>1478.94</ele>
   </trkpt>
   <trkpt lat="46.30091" lon="11.542530000000001">
    <ele>1483.3400000000001</ele>
   </trkpt>
   <trkpt lat="46.30084" lon="11.542510000000002">
    <ele>1495.54</ele>
   </trkpt>
   <trkpt lat="46.30075" lon="11.542560000000002">
    <ele>1495.54</ele>
   </trkpt>
   <trkpt lat="46.300670000000004" lon="11.542530000000001">
    <ele>1504.7400000000002</ele>
   </trkpt>
   <trkpt lat="46.30050000000001" lon="11.542420000000002">
    <ele>1509.0500000000002</ele>
   </trkpt>
   <trkpt lat="46.30033" lon="11.542280000000002">
    <ele>1517.5700000000002</ele>
   </trkpt>
   <trkpt lat="46.300230000000006" lon="11.542280000000002">
    <ele>1519.6900000000003</ele>
   </trkpt>
   <trkpt lat="46.300140000000006" lon="11.54226">
    <ele>1520.99</ele>
   </trkpt>
   <trkpt lat="46.300070000000005" lon="11.54216">
    <ele>1521.97</ele>
   </trkpt>
   <trkpt lat="46.30004" lon="11.54204">
    <ele>1523.27</ele>
   </trkpt>
   <trkpt lat="46.29999" lon="11.54193">
    <ele>1525.3300000000002</ele>
   </trkpt>
   <trkpt lat="46.29994000000001" lon="11.541670000000002">
    <ele>1530.96</ele>
   </trkpt>
   <trkpt lat="46.29988" lon="11.54156">
    <ele>1533.49</ele>
   </trkpt>
   <trkpt lat="46.29979" lon="11.54152">
    <ele>1536.79</ele>
   </trkpt>
   <trkpt lat="46.299710000000005" lon="11.54143">
    <ele>1538.8700000000001</ele>
   </trkpt>
   <trkpt lat="46.299530000000004" lon="11.541390000000002">
    <ele>1542.42</ele>
   </trkpt>
   <trkpt lat="46.299420000000005" lon="11.541390000000002">
    <ele>1544.6200000000001</ele>
   </trkpt>
   <trkpt lat="46.2993" lon="11.54146">
    <ele>1546.19</ele>
   </trkpt>
   <trkpt lat="46.299240000000005" lon="11.54161">
    <ele>1548.95</ele>
   </trkpt>
   <trkpt lat="46.299330000000005" lon="11.541860000000002">
    <ele>1554.2</ele>
   </trkpt>
   <trkpt lat="46.299380000000006" lon="11.54213">
    <ele>1562.22</ele>
   </trkpt>
   <trkpt lat="46.29939" lon="11.542530000000001">
    <ele>1568.2300000000002</ele>
   </trkpt>
   <trkpt lat="46.29947000000001" lon="11.542620000000001">
    <ele>1571.66</ele>
   </trkpt>
   <trkpt lat="46.29952" lon="11.542760000000001">
    <ele>1572.68</ele>
   </trkpt>
   <trkpt lat="46.29957" lon="11.543080000000002">
    <ele>1576.4900000000002</ele>
   </trkpt>
   <trkpt lat="46.299580000000006" lon="11.5432">
    <ele>1578.8300000000002</ele>
   </trkpt>
   <trkpt lat="46.29955" lon="11.54371">
    <ele>1591.6000000000001</ele>
   </trkpt>
   <trkpt lat="46.29957" lon="11.543980000000001">
    <ele>1596.93</ele>
   </trkpt>
   <trkpt lat="46.29945000000001" lon="11.544210000000001">
    <ele>1603.5000000000002</ele>
   </trkpt>
   <trkpt lat="46.2993" lon="11.54438">
    <ele>1612.45</ele>
   </trkpt>
   <trkpt lat="46.299040000000005" lon="11.544540000000001">
    <ele>1619.04</ele>
   </trkpt>
   <trkpt lat="46.29871000000001" lon="11.5448">
    <ele>1634.66</ele>
   </trkpt>
   <trkpt lat="46.298610000000004" lon="11.5448">
    <ele>1639.43</ele>
   </trkpt>
   <trkpt lat="46.29852" lon="11.544740000000001">
    <ele>1641.18</ele>
   </trkpt>
   <trkpt lat="46.29844000000001" lon="11.5448">
    <ele>1650.2</ele>
   </trkpt>
   <trkpt lat="46.29838" lon="11.544910000000002">
    <ele>1650.2</ele>
   </trkpt>
   <trkpt lat="46.298280000000005" lon="11.54493">
    <ele>1654.6000000000001</ele>
   </trkpt>
   <trkpt lat="46.29822" lon="11.545020000000001">
    <ele>1655.8300000000002</ele>
   </trkpt>
   <trkpt lat="46.29802" lon="11.545010000000001">
    <ele>1664.66</ele>
   </trkpt>
   <trkpt lat="46.29793" lon="11.54504">
    <ele>1664.66</ele>
   </trkpt>
   <trkpt lat="46.297740000000005" lon="11.545050000000002">
    <ele>1669.61</ele>
   </trkpt>
   <trkpt lat="46.29766" lon="11.545110000000001">
    <ele>1681.13</ele>
   </trkpt>
   <trkpt lat="46.29773" lon="11.545200000000001">
    <ele>1681.13</ele>
   </trkpt>
   <trkpt lat="46.29775" lon="11.545340000000001">
    <ele>1686.59</ele>
   </trkpt>
   <trkpt lat="46.297810000000005" lon="11.545430000000001">
    <ele>1688.5500000000002</ele>
   </trkpt>
   <trkpt lat="46.29773" lon="11.545670000000001">
    <ele>1696.7800000000002</ele>
   </trkpt>
   <trkpt lat="46.297610000000006" lon="11.5462">
    <ele>1710.73</ele>
   </trkpt>
   <trkpt lat="46.297540000000005" lon="11.54644">
    <ele>1724.65</ele>
   </trkpt>
   <trkpt lat="46.297540000000005" lon="11.546570000000001">
    <ele>1724.65</ele>
   </trkpt>
   <trkpt lat="46.29746" lon="11.54695">
    <ele>1736.4800000000002</ele>
   </trkpt>
   <trkpt lat="46.297430000000006" lon="11.547220000000001">
    <ele>1743.94</ele>
   </trkpt>
   <trkpt lat="46.297380000000004" lon="11.54734">
    <ele>1749.8500000000001</ele>
   </trkpt>
   <trkpt lat="46.29737" lon="11.54761">
    <ele>1760.3600000000001</ele>
   </trkpt>
   <trkpt lat="46.29739000000001" lon="11.547740000000001">
    <ele>1760.3600000000001</ele>
   </trkpt>
   <trkpt lat="46.29739000000001" lon="11.548010000000001">
    <ele>1772.3300000000002</ele>
   </trkpt>
   <trkpt lat="46.29748000000001" lon="11.548000000000002">
    <ele>1775.95</ele>
   </trkpt>
   <trkpt lat="46.29766" lon="11.547910000000002">
    <ele>1775.95</ele>
   </trkpt>
   <trkpt lat="46.297900000000006" lon="11.547690000000001">
    <ele>1791.6600000000003</ele>
   </trkpt>
   <trkpt lat="46.29845" lon="11.547590000000001">
    <ele>1811.5900000000001</ele>
   </trkpt>
   <trkpt lat="46.29853000000001" lon="11.547640000000001">
    <ele>1814.15</ele>
   </trkpt>
   <trkpt lat="46.298480000000005" lon="11.54776">
    <ele>1815.32</ele>
   </trkpt>
   <trkpt lat="46.29849" lon="11.54789">
    <ele>1818.69</ele>
   </trkpt>
   <trkpt lat="46.298195001513236" lon="11.548490003346304">
    <ele>1836.74</ele>
   </trkpt>
   <trkpt lat="46.297900000000006" lon="11.549090000000001">
    <ele>1847.97</ele>
   </trkpt>
   <trkpt lat="46.297760000000004" lon="11.54958">
    <ele>1858.74</ele>
   </trkpt>
   <trkpt lat="46.297740000000005" lon="11.549850000000001">
    <ele>1863.64</ele>
   </trkpt>
   <trkpt lat="46.297650000000004" lon="11.550080000000001">
    <ele>1865.8600000000001</ele>
   </trkpt>
   <trkpt lat="46.29762" lon="11.5502">
    <ele>1866.3500000000001</ele>
   </trkpt>
   <trkpt lat="46.29755" lon="11.550600000000001">
    <ele>1866.0500000000002</ele>
   </trkpt>
   <trkpt lat="46.297560000000004" lon="11.550730000000001">
    <ele>1865.16</ele>
   </trkpt>
   <trkpt lat="46.29750000000001" lon="11.551120000000001">
    <ele>1862.03</ele>
   </trkpt>
   <trkpt lat="46.29749" lon="11.551260000000001">
    <ele>1860.6000000000001</ele>
   </trkpt>
   <trkpt lat="46.297520000000006" lon="11.551520000000002">
    <ele>1855.9500000000003</ele>
   </trkpt>
   <trkpt lat="46.29751" lon="11.55165">
    <ele>1849.5700000000002</ele>
   </trkpt>
   <trkpt lat="46.29759000000001" lon="11.551720000000001">
    <ele>1848.0600000000002</ele>
   </trkpt>
   <trkpt lat="46.297740000000005" lon="11.55206">
    <ele>1843.0000000000002</ele>
   </trkpt>
   <trkpt lat="46.297700000000006" lon="11.552320000000002">
    <ele>1840.72</ele>
   </trkpt>
   <trkpt lat="46.29766" lon="11.552430000000001">
    <ele>1840.72</ele>
   </trkpt>
   <trkpt lat="46.29766" lon="11.552570000000001">
    <ele>1839.47</ele>
   </trkpt>
   <trkpt lat="46.297560000000004" lon="11.552790000000002">
    <ele>1838.65</ele>
   </trkpt>
   <trkpt lat="46.29749" lon="11.552890000000001">
    <ele>1838.64</ele>
   </trkpt>
   <trkpt lat="46.297410000000006" lon="11.55296">
    <ele>1838.91</ele>
   </trkpt>
   <trkpt lat="46.29735" lon="11.55306">
    <ele>1839.67</ele>
   </trkpt>
   <trkpt lat="46.29730000000001" lon="11.553320000000001">
    <ele>1843.3600000000001</ele>
   </trkpt>
   <trkpt lat="46.297360000000005" lon="11.553420000000001">
    <ele>1844.65</ele>
   </trkpt>
   <trkpt lat="46.297380000000004" lon="11.553560000000001">
    <ele>1845.66</ele>
   </trkpt>
   <trkpt lat="46.297290000000004" lon="11.55361">
    <ele>1846.4900000000002</ele>
   </trkpt>
   <trkpt lat="46.29724" lon="11.553700000000001">
    <ele>1847.0700000000002</ele>
   </trkpt>
   <trkpt lat="46.297230000000006" lon="11.55371">
    <ele>1847.18</ele>
   </trkpt>
   <trkpt lat="46.29737" lon="11.553680000000002">
    <ele>1850.99</ele>
   </trkpt>
   <trkpt lat="46.29753" lon="11.55352">
    <ele>1856.5500000000002</ele>
   </trkpt>
   <trkpt lat="46.297610000000006" lon="11.55347">
    <ele>1862.0900000000001</ele>
   </trkpt>
   <trkpt lat="46.297700000000006" lon="11.553500000000001">
    <ele>1864.1100000000001</ele>
   </trkpt>
   <trkpt lat="46.297720000000005" lon="11.55363">
    <ele>1873.0900000000001</ele>
   </trkpt>
   <trkpt lat="46.297720000000005" lon="11.55377">
    <ele>1877.25</ele>
   </trkpt>
   <trkpt lat="46.29782" lon="11.553830000000001">
    <ele>1880.91</ele>
   </trkpt>
   <trkpt lat="46.29786000000001" lon="11.55394">
    <ele>1884.21</ele>
   </trkpt>
   <trkpt lat="46.29802" lon="11.55409">
    <ele>1892.0100000000002</ele>
   </trkpt>
   <trkpt lat="46.29822" lon="11.55438">
    <ele>1906.6600000000003</ele>
   </trkpt>
   <trkpt lat="46.29849" lon="11.55451">
    <ele>1912.77</ele>
   </trkpt>
   <trkpt lat="46.29858" lon="11.554480000000002">
    <ele>1917.1000000000001</ele>
   </trkpt>
   <trkpt lat="46.29867" lon="11.554490000000001">
    <ele>1921.68</ele>
   </trkpt>
   <trkpt lat="46.298750000000005" lon="11.55455">
    <ele>1928.8200000000002</ele>
   </trkpt>
   <trkpt lat="46.29881" lon="11.55465">
    <ele>1933.21</ele>
   </trkpt>
   <trkpt lat="46.29891000000001" lon="11.55489">
    <ele>1941.66</ele>
   </trkpt>
   <trkpt lat="46.299020000000006" lon="11.55494">
    <ele>1945.25</ele>
   </trkpt>
   <trkpt lat="46.299200000000006" lon="11.554950000000002">
    <ele>1949.5200000000002</ele>
   </trkpt>
   <trkpt lat="46.299290000000006" lon="11.55499">
    <ele>1958.5100000000002</ele>
   </trkpt>
   <trkpt lat="46.29946" lon="11.55527">
    <ele>1973.3300000000002</ele>
   </trkpt>
   <trkpt lat="46.299530000000004" lon="11.555280000000002">
    <ele>1973.3300000000002</ele>
   </trkpt>
   <trkpt lat="46.29961" lon="11.555320000000002">
    <ele>1981.89</ele>
   </trkpt>
   <trkpt lat="46.299690000000005" lon="11.555390000000001">
    <ele>1981.89</ele>
   </trkpt>
   <trkpt lat="46.299780000000005" lon="11.555430000000001">
    <ele>1985.9</ele>
   </trkpt>
   <trkpt lat="46.299870000000006" lon="11.55544">
    <ele>1987.7700000000002</ele>
   </trkpt>
   <trkpt lat="46.299960000000006" lon="11.555380000000001">
    <ele>1993.18</ele>
   </trkpt>
   <trkpt lat="46.30024" lon="11.55544">
    <ele>2008.42</ele>
   </trkpt>
   <trkpt lat="46.300360000000005" lon="11.55544">
    <ele>2008.42</ele>
   </trkpt>
   <trkpt lat="46.30042" lon="11.5555">
    <ele>2016.1900000000003</ele>
   </trkpt>
   <trkpt lat="46.30051" lon="11.555700000000002">
    <ele>2021.3200000000002</ele>
   </trkpt>
   <trkpt lat="46.30059000000001" lon="11.55577">
    <ele>2025.64</ele>
   </trkpt>
   <trkpt lat="46.30091" lon="11.55596">
    <ele>2034.98</ele>
   </trkpt>
   <trkpt lat="46.301080000000006" lon="11.5561">
    <ele>2037.8100000000004</ele>
   </trkpt>
   <trkpt lat="46.301170000000006" lon="11.5561">
    <ele>2038.5300000000002</ele>
   </trkpt>
   <trkpt lat="46.30124000000001" lon="11.5562">
    <ele>2039.0200000000002</ele>
   </trkpt>
   <trkpt lat="46.301410000000004" lon="11.55634">
    <ele>2042.2100000000003</ele>
   </trkpt>
   <trkpt lat="46.30149" lon="11.556270000000001">
    <ele>2043.31</ele>
   </trkpt>
   <trkpt lat="46.30158" lon="11.556230000000001">
    <ele>2048.98</ele>
   </trkpt>
   <trkpt lat="46.301770000000005" lon="11.55621">
    <ele>2051.3</ele>
   </trkpt>
   <trkpt lat="46.301860000000005" lon="11.556230000000001">
    <ele>2053.35</ele>
   </trkpt>
   <trkpt lat="46.30203" lon="11.55634">
    <ele>2056.7000000000003</ele>
   </trkpt>
   <trkpt lat="46.302240000000005" lon="11.55635">
    <ele>2060.34</ele>
   </trkpt>
   <trkpt lat="46.302310000000006" lon="11.55644">
    <ele>2062.2100000000005</ele>
   </trkpt>
   <trkpt lat="46.302490000000006" lon="11.556500000000002">
    <ele>2068.4900000000002</ele>
   </trkpt>
   <trkpt lat="46.302580000000006" lon="11.55648">
    <ele>2073.15</ele>
   </trkpt>
   <trkpt lat="46.30285000000001" lon="11.556610000000001">
    <ele>2086.9900000000002</ele>
   </trkpt>
   <trkpt lat="46.30294000000001" lon="11.55662">
    <ele>2090.32</ele>
   </trkpt>
   <trkpt lat="46.30303000000001" lon="11.55667">
    <ele>2093.9700000000003</ele>
   </trkpt>
   <trkpt lat="46.30312000000001" lon="11.556690000000001">
    <ele>2095.4900000000002</ele>
   </trkpt>
   <trkpt lat="46.30322" lon="11.556690000000001">
    <ele>2096.77</ele>
   </trkpt>
   <trkpt lat="46.30331" lon="11.55672">
    <ele>2098.1400000000003</ele>
   </trkpt>
   <trkpt lat="46.3034" lon="11.556690000000001">
    <ele>2099.26</ele>
   </trkpt>
   <trkpt lat="46.303580000000004" lon="11.55677">
    <ele>2101.56</ele>
   </trkpt>
   <trkpt lat="46.30377000000001" lon="11.5568">
    <ele>2105.7200000000003</ele>
   </trkpt>
   <trkpt lat="46.30386" lon="11.556740000000001">
    <ele>2108.27</ele>
   </trkpt>
   <trkpt lat="46.30389" lon="11.55662">
    <ele>2109.1300000000006</ele>
   </trkpt>
   <trkpt lat="46.303990000000006" lon="11.55657">
    <ele>2111.2000000000003</ele>
   </trkpt>
   <trkpt lat="46.304140000000004" lon="11.556420000000001">
    <ele>2116.9500000000003</ele>
   </trkpt>
   <trkpt lat="46.3042" lon="11.556320000000001">
    <ele>2117.96</ele>
   </trkpt>
   <trkpt lat="46.30424000000001" lon="11.55629">
    <ele>2120.88</ele>
   </trkpt>
   <trkpt lat="46.304370000000006" lon="11.55592">
    <ele>2125.8500000000004</ele>
   </trkpt>
   <trkpt lat="46.304460000000006" lon="11.55587">
    <ele>2127.1600000000003</ele>
   </trkpt>
   <trkpt lat="46.304500000000004" lon="11.555700000000002">
    <ele>2128.25</ele>
   </trkpt>
   <trkpt lat="46.304550000000006" lon="11.5556">
    <ele>2128.69</ele>
   </trkpt>
   <trkpt lat="46.30463" lon="11.555570000000001">
    <ele>2129.77</ele>
   </trkpt>
   <trkpt lat="46.30471000000001" lon="11.55559">
    <ele>2131.67</ele>
   </trkpt>
   <trkpt lat="46.30480000000001" lon="11.55541">
    <ele>2135.5099999999998</ele>
   </trkpt>
   <trkpt lat="46.304860000000005" lon="11.55541">
    <ele>2137.83</ele>
   </trkpt>
   <trkpt lat="46.30527000000001" lon="11.555620000000001">
    <ele>2143.6</ele>
   </trkpt>
   <trkpt lat="46.30543" lon="11.55574">
    <ele>2145.7300000000005</ele>
   </trkpt>
   <trkpt lat="46.305530000000005" lon="11.555790000000002">
    <ele>2147.9900000000002</ele>
   </trkpt>
   <trkpt lat="46.305580000000006" lon="11.55587">
    <ele>2148.8900000000003</ele>
   </trkpt>
   <trkpt lat="46.30563" lon="11.55615">
    <ele>2155.79</ele>
   </trkpt>
   <trkpt lat="46.30581" lon="11.55653">
    <ele>2160.1700000000005</ele>
   </trkpt>
   <trkpt lat="46.305930000000004" lon="11.55663">
    <ele>2161.9900000000002</ele>
   </trkpt>
   <trkpt lat="46.306020000000004" lon="11.55667">
    <ele>2162.73</ele>
   </trkpt>
   <trkpt lat="46.30624" lon="11.557010000000002">
    <ele>2163.67</ele>
   </trkpt>
   <trkpt lat="46.306400000000004" lon="11.55719">
    <ele>2164.82</ele>
   </trkpt>
   <trkpt lat="46.306490000000004" lon="11.55723">
    <ele>2164.65</ele>
   </trkpt>
   <trkpt lat="46.30655" lon="11.557360000000001">
    <ele>2163.9500000000003</ele>
   </trkpt>
   <trkpt lat="46.30664" lon="11.557390000000002">
    <ele>2163.11</ele>
   </trkpt>
   <trkpt lat="46.30673" lon="11.557500000000001">
    <ele>2162.38</ele>
   </trkpt>
   <trkpt lat="46.30682" lon="11.55751">
    <ele>2162.3300000000004</ele>
   </trkpt>
   <trkpt lat="46.30697000000001" lon="11.55788">
    <ele>2159.67</ele>
   </trkpt>
   <trkpt lat="46.30713" lon="11.55808">
    <ele>2155.4</ele>
   </trkpt>
   <trkpt lat="46.30745" lon="11.55826">
    <ele>2150.91</ele>
   </trkpt>
   <trkpt lat="46.30776" lon="11.55831">
    <ele>2147.92</ele>
   </trkpt>
   <trkpt lat="46.308020000000006" lon="11.55827">
    <ele>2145.56</ele>
   </trkpt>
   <trkpt lat="46.308220000000006" lon="11.55836">
    <ele>2142.44</ele>
   </trkpt>
   <trkpt lat="46.30848" lon="11.558330000000002">
    <ele>2139.45</ele>
   </trkpt>
   <trkpt lat="46.308580000000006" lon="11.558240000000001">
    <ele>2135.75</ele>
   </trkpt>
   <trkpt lat="46.308730000000004" lon="11.558200000000001">
    <ele>2134.1800000000003</ele>
   </trkpt>
   <trkpt lat="46.30897" lon="11.55818">
    <ele>2128.53</ele>
   </trkpt>
   <trkpt lat="46.3091" lon="11.558200000000001">
    <ele>2125.2200000000003</ele>
   </trkpt>
   <trkpt lat="46.30924" lon="11.55827">
    <ele>2123.37</ele>
   </trkpt>
   <trkpt lat="46.30951" lon="11.558290000000001">
    <ele>2118.46</ele>
   </trkpt>
   <trkpt lat="46.30973" lon="11.55827">
    <ele>2113.89</ele>
   </trkpt>
   <trkpt lat="46.30986" lon="11.55821">
    <ele>2111.0200000000004</ele>
   </trkpt>
   <trkpt lat="46.31002" lon="11.55817">
    <ele>2107.5099999999998</ele>
   </trkpt>
   <trkpt lat="46.31011" lon="11.55818">
    <ele>2106.23</ele>
   </trkpt>
   <trkpt lat="46.310370000000006" lon="11.558300000000001">
    <ele>2106.86</ele>
   </trkpt>
   <trkpt lat="46.310570000000006" lon="11.558300000000001">
    <ele>2106.78</ele>
   </trkpt>
   <trkpt lat="46.31069" lon="11.558240000000001">
    <ele>2106.79</ele>
   </trkpt>
   <trkpt lat="46.310930000000006" lon="11.558250000000001">
    <ele>2106.23</ele>
   </trkpt>
   <trkpt lat="46.31119" lon="11.55813">
    <ele>2104.63</ele>
   </trkpt>
   <trkpt lat="46.31156000000001" lon="11.55803">
    <ele>2102.65</ele>
   </trkpt>
   <trkpt lat="46.31176000000001" lon="11.557860000000002">
    <ele>2103.53</ele>
   </trkpt>
   <trkpt lat="46.31213" lon="11.557590000000001">
    <ele>2104.67</ele>
   </trkpt>
   <trkpt lat="46.31232000000001" lon="11.557580000000002">
    <ele>2108.4</ele>
   </trkpt>
   <trkpt lat="46.3123" lon="11.55779">
    <ele>2108.71</ele>
   </trkpt>
   <trkpt lat="46.312380000000005" lon="11.55874">
    <ele>2104.84</ele>
   </trkpt>
   <trkpt lat="46.312470000000005" lon="11.55896">
    <ele>2103.33</ele>
   </trkpt>
   <trkpt lat="46.312630000000006" lon="11.559280000000001">
    <ele>2096.73</ele>
   </trkpt>
   <trkpt lat="46.31282" lon="11.55957">
    <ele>2091.52</ele>
   </trkpt>
   <trkpt lat="46.31302" lon="11.559780000000002">
    <ele>2087.6200000000003</ele>
   </trkpt>
   <trkpt lat="46.31326000000001" lon="11.559940000000001">
    <ele>2084.7000000000003</ele>
   </trkpt>
   <trkpt lat="46.313810000000004" lon="11.560120000000001">
    <ele>2077.19</ele>
   </trkpt>
   <trkpt lat="46.3141" lon="11.560390000000002">
    <ele>2076.63</ele>
   </trkpt>
   <trkpt lat="46.314730000000004" lon="11.560690000000001">
    <ele>2069.71</ele>
   </trkpt>
   <trkpt lat="46.31523000000001" lon="11.56061">
    <ele>2063.8900000000003</ele>
   </trkpt>
   <trkpt lat="46.315360000000005" lon="11.560640000000001">
    <ele>2061.84</ele>
   </trkpt>
   <trkpt lat="46.31552000000001" lon="11.560810000000002">
    <ele>2059.69</ele>
   </trkpt>
   <trkpt lat="46.31611" lon="11.56121">
    <ele>2050.98</ele>
   </trkpt>
   <trkpt lat="46.31671500039462" lon="11.561489996928785">
    <ele>2042.4100000000003</ele>
   </trkpt>
   <trkpt lat="46.31732" lon="11.561770000000001">
    <ele>2043.0</ele>
   </trkpt>
   <trkpt lat="46.31736" lon="11.562030000000002">
    <ele>2044.7300000000002</ele>
   </trkpt>
   <trkpt lat="46.317530000000005" lon="11.561810000000001">
    <ele>2044.7300000000002</ele>
   </trkpt>
   <trkpt lat="46.31806" lon="11.56156">
    <ele>2058.61</ele>
   </trkpt>
   <trkpt lat="46.318130000000004" lon="11.56187">
    <ele>2056.7200000000003</ele>
   </trkpt>
   <trkpt lat="46.3178350031525" lon="11.562710004309357">
    <ele>2061.04</ele>
   </trkpt>
   <trkpt lat="46.31754" lon="11.563550000000001">
    <ele>2076.41</ele>
   </trkpt>
   <trkpt lat="46.317440000000005" lon="11.56398">
    <ele>2089.32</ele>
   </trkpt>
   <trkpt lat="46.31728500562255" lon="11.56511500315971">
    <ele>2107.53</ele>
   </trkpt>
   <trkpt lat="46.317130000000006" lon="11.56625">
    <ele>2143.5</ele>
   </trkpt>
   <trkpt lat="46.31721" lon="11.56658">
    <ele>2147.4900000000002</ele>
   </trkpt>
   <trkpt lat="46.317440000000005" lon="11.566740000000001">
    <ele>2150.2700000000004</ele>
   </trkpt>
   <trkpt lat="46.31754" lon="11.5669">
    <ele>2151.16</ele>
   </trkpt>
   <trkpt lat="46.31774" lon="11.56699">
    <ele>2151.79</ele>
   </trkpt>
   <trkpt lat="46.31804" lon="11.56704">
    <ele>2151.78</ele>
   </trkpt>
   <trkpt lat="46.31805000000001" lon="11.56704">
    <ele>2151.78</ele>
   </trkpt>
   <trkpt lat="46.318470000000005" lon="11.56694">
    <ele>2151.69</ele>
   </trkpt>
   <trkpt lat="46.31889" lon="11.566870000000002">
    <ele>2151.6200000000003</ele>
   </trkpt>
   <trkpt lat="46.31926000000001" lon="11.566450000000001">
    <ele>2155.7000000000003</ele>
   </trkpt>
   <trkpt lat="46.319480000000006" lon="11.56605">
    <ele>2158.71</ele>
   </trkpt>
   <trkpt lat="46.319660000000006" lon="11.565890000000001">
    <ele>2161.4600000000005</ele>
   </trkpt>
   <trkpt lat="46.31978" lon="11.565840000000001">
    <ele>2164.8500000000004</ele>
   </trkpt>
   <trkpt lat="46.32003" lon="11.565570000000001">
    <ele>2176.19</ele>
   </trkpt>
   <trkpt lat="46.32018" lon="11.565380000000001">
    <ele>2178.9300000000003</ele>
   </trkpt>
   <trkpt lat="46.32021" lon="11.565220000000002">
    <ele>2181.62</ele>
   </trkpt>
   <trkpt lat="46.32039" lon="11.56497">
    <ele>2191.2400000000002</ele>
   </trkpt>
   <trkpt lat="46.32043" lon="11.56488">
    <ele>2192.8300000000004</ele>
   </trkpt>
   <trkpt lat="46.320420000000006" lon="11.56478">
    <ele>2192.8300000000004</ele>
   </trkpt>
   <trkpt lat="46.320460000000004" lon="11.564710000000002">
    <ele>2202.9</ele>
   </trkpt>
   <trkpt lat="46.32059" lon="11.564670000000001">
    <ele>2204.38</ele>
   </trkpt>
   <trkpt lat="46.3207" lon="11.564390000000001">
    <ele>2209.3100000000004</ele>
   </trkpt>
   <trkpt lat="46.320870000000006" lon="11.564300000000001">
    <ele>2216.38</ele>
   </trkpt>
   <trkpt lat="46.32112" lon="11.56413">
    <ele>2224.0</ele>
   </trkpt>
   <trkpt lat="46.32124" lon="11.56417">
    <ele>2225.75</ele>
   </trkpt>
   <trkpt lat="46.32137" lon="11.56404">
    <ele>2227.36</ele>
   </trkpt>
   <trkpt lat="46.321450000000006" lon="11.5639">
    <ele>2227.36</ele>
   </trkpt>
   <trkpt lat="46.32161000000001" lon="11.5638">
    <ele>2225.27</ele>
   </trkpt>
   <trkpt lat="46.321740000000005" lon="11.56357">
    <ele>2224.7000000000003</ele>
   </trkpt>
   <trkpt lat="46.32226000000001" lon="11.563160000000002">
    <ele>2223.8700000000003</ele>
   </trkpt>
   <trkpt lat="46.3228" lon="11.56244">
    <ele>2229.61</ele>
   </trkpt>
   <trkpt lat="46.32318" lon="11.562230000000001">
    <ele>2238.2500000000005</ele>
   </trkpt>
   <trkpt lat="46.32334" lon="11.562190000000001">
    <ele>2243.4</ele>
   </trkpt>
   <trkpt lat="46.3235" lon="11.562190000000001">
    <ele>2227.2700000000004</ele>
   </trkpt>
   <trkpt lat="46.323660000000004" lon="11.56174">
    <ele>2234.02</ele>
   </trkpt>
   <trkpt lat="46.32395" lon="11.56131">
    <ele>2247.69</ele>
   </trkpt>
   <trkpt lat="46.324070000000006" lon="11.56132">
    <ele>2250.65</ele>
   </trkpt>
   <trkpt lat="46.324180000000005" lon="11.56118">
    <ele>2255.8900000000003</ele>
   </trkpt>
   <trkpt lat="46.32432000000001" lon="11.56109">
    <ele>2259.63</ele>
   </trkpt>
   <trkpt lat="46.324600000000004" lon="11.560720000000002">
    <ele>2271.46</ele>
   </trkpt>
   <trkpt lat="46.324830000000006" lon="11.560670000000002">
    <ele>2278.68</ele>
   </trkpt>
   <trkpt lat="46.32546000000001" lon="11.560060000000002">
    <ele>2289.12</ele>
   </trkpt>
   <trkpt lat="46.326010000000004" lon="11.55986">
    <ele>2303.9900000000002</ele>
   </trkpt>
   <trkpt lat="46.326570000000004" lon="11.5593">
    <ele>2317.57</ele>
   </trkpt>
   <trkpt lat="46.326620000000005" lon="11.559080000000002">
    <ele>2318.57</ele>
   </trkpt>
   <trkpt lat="46.32661" lon="11.55882">
    <ele>2318.07</ele>
   </trkpt>
   <trkpt lat="46.326640000000005" lon="11.558480000000001">
    <ele>2317.03</ele>
   </trkpt>
   <trkpt lat="46.32672" lon="11.558250000000001">
    <ele>2316.92</ele>
   </trkpt>
   <trkpt lat="46.32677" lon="11.55803">
    <ele>2318.03</ele>
   </trkpt>
   <trkpt lat="46.32677" lon="11.55789">
    <ele>2319.16</ele>
   </trkpt>
   <trkpt lat="46.32697" lon="11.557630000000001">
    <ele>2322.5800000000004</ele>
   </trkpt>
   <trkpt lat="46.327600000000004" lon="11.557010000000002">
    <ele>2318.42</ele>
   </trkpt>
   <trkpt lat="46.32779" lon="11.55685">
    <ele>2316.2100000000005</ele>
   </trkpt>
   <trkpt lat="46.32822" lon="11.55633">
    <ele>2314.23</ele>
   </trkpt>
   <trkpt lat="46.3284" lon="11.556140000000001">
    <ele>2317.36</ele>
   </trkpt>
   <trkpt lat="46.32853" lon="11.55605">
    <ele>2320.1200000000003</ele>
   </trkpt>
   <trkpt lat="46.328630000000004" lon="11.556090000000001">
    <ele>2323.71</ele>
   </trkpt>
   <trkpt lat="46.328810000000004" lon="11.55602">
    <ele>2326.75</ele>
   </trkpt>
   <trkpt lat="46.32905" lon="11.555840000000002">
    <ele>2333.09</ele>
   </trkpt>
   <trkpt lat="46.32916" lon="11.555860000000001">
    <ele>2334.8500000000004</ele>
   </trkpt>
   <trkpt lat="46.32936" lon="11.55564">
    <ele>2336.2100000000005</ele>
   </trkpt>
   <trkpt lat="46.329440000000005" lon="11.5553">
    <ele>2335.5400000000004</ele>
   </trkpt>
   <trkpt lat="46.329570000000004" lon="11.55511">
    <ele>2334.27</ele>
   </trkpt>
   <trkpt lat="46.329750000000004" lon="11.55466">
    <ele>2330.5200000000004</ele>
   </trkpt>
   <trkpt lat="46.33028" lon="11.55394">
    <ele>2318.1600000000003</ele>
   </trkpt>
   <trkpt lat="46.33043000000001" lon="11.55366">
    <ele>2315.07</ele>
   </trkpt>
   <trkpt lat="46.33044" lon="11.553650000000001">
    <ele>2315.07</ele>
   </trkpt>
   <trkpt lat="46.33053" lon="11.55334">
    <ele>2311.52</ele>
   </trkpt>
   <trkpt lat="46.330630000000006" lon="11.55316">
    <ele>2308.8900000000003</ele>
   </trkpt>
   <trkpt lat="46.330670000000005" lon="11.552930000000002">
    <ele>2304.05</ele>
   </trkpt>
   <trkpt lat="46.33071" lon="11.552850000000001">
    <ele>2302.5800000000004</ele>
   </trkpt>
   <trkpt lat="46.330650000000006" lon="11.55283">
    <ele>2299.1400000000003</ele>
   </trkpt>
   <trkpt lat="46.330650000000006" lon="11.552760000000001">
    <ele>2297.21</ele>
   </trkpt>
   <trkpt lat="46.330600000000004" lon="11.552750000000001">
    <ele>2295.17</ele>
   </trkpt>
   <trkpt lat="46.33061000000001" lon="11.55267">
    <ele>2293.2200000000003</ele>
   </trkpt>
   <trkpt lat="46.33066" lon="11.552600000000002">
    <ele>2287.6800000000003</ele>
   </trkpt>
   <trkpt lat="46.33057" lon="11.55222">
    <ele>2278.41</ele>
   </trkpt>
   <trkpt lat="46.330850000000005" lon="11.551340000000001">
    <ele>2269.06</ele>
   </trkpt>
   <trkpt lat="46.330920000000006" lon="11.55076">
    <ele>2264.27</ele>
   </trkpt>
   <trkpt lat="46.33117000000001" lon="11.55014">
    <ele>2256.4300000000003</ele>
   </trkpt>
   <trkpt lat="46.33118" lon="11.55">
    <ele>2254.7900000000004</ele>
   </trkpt>
   <trkpt lat="46.33137000000001" lon="11.549850000000001">
    <ele>2253.3700000000003</ele>
   </trkpt>
   <trkpt lat="46.33129" lon="11.549660000000001">
    <ele>2237.1600000000003</ele>
   </trkpt>
   <trkpt lat="46.33138" lon="11.549100000000001">
    <ele>2226.4000000000005</ele>
   </trkpt>
   <trkpt lat="46.331390000000006" lon="11.548800000000002">
    <ele>2220.94</ele>
   </trkpt>
   <trkpt lat="46.331610000000005" lon="11.547830000000001">
    <ele>2205.5800000000004</ele>
   </trkpt>
   <trkpt lat="46.331610000000005" lon="11.547410000000001">
    <ele>2196.3500000000004</ele>
   </trkpt>
   <trkpt lat="46.33162" lon="11.547270000000001">
    <ele>2192.42</ele>
   </trkpt>
   <trkpt lat="46.331610000000005" lon="11.546990000000001">
    <ele>2187.11</ele>
   </trkpt>
   <trkpt lat="46.33167" lon="11.546380000000001">
    <ele>2174.85</ele>
   </trkpt>
   <trkpt lat="46.33173" lon="11.546140000000001">
    <ele>2169.67</ele>
   </trkpt>
   <trkpt lat="46.33174" lon="11.545990000000002">
    <ele>2167.21</ele>
   </trkpt>
   <trkpt lat="46.331810000000004" lon="11.54573">
    <ele>2162.34</ele>
   </trkpt>
   <trkpt lat="46.331810000000004" lon="11.54559">
    <ele>2159.17</ele>
   </trkpt>
   <trkpt lat="46.33203" lon="11.545290000000001">
    <ele>2151.57</ele>
   </trkpt>
   <trkpt lat="46.33194" lon="11.54507">
    <ele>2165.84</ele>
   </trkpt>
   <trkpt lat="46.331880000000005" lon="11.544450000000001">
    <ele>2154.44</ele>
   </trkpt>
   <trkpt lat="46.33196" lon="11.54423">
    <ele>2149.8700000000003</ele>
   </trkpt>
   <trkpt lat="46.33187" lon="11.543320000000001">
    <ele>2155.3500000000004</ele>
   </trkpt>
   <trkpt lat="46.33182" lon="11.543140000000001">
    <ele>2156.27</ele>
   </trkpt>
   <trkpt lat="46.331720000000004" lon="11.54296">
    <ele>2157.6400000000003</ele>
   </trkpt>
   <trkpt lat="46.331515001553576" lon="11.542344997409954">
    <ele>2161.5</ele>
   </trkpt>
   <trkpt lat="46.33131" lon="11.541730000000001">
    <ele>2163.5400000000004</ele>
   </trkpt>
   <trkpt lat="46.33099000000001" lon="11.54133">
    <ele>2165.17</ele>
   </trkpt>
   <trkpt lat="46.330780000000004" lon="11.540870000000002">
    <ele>2167.86</ele>
   </trkpt>
   <trkpt lat="46.33035" lon="11.54033">
    <ele>2171.1400000000003</ele>
   </trkpt>
   <trkpt lat="46.33006" lon="11.539750000000002">
    <ele>2173.9900000000002</ele>
   </trkpt>
   <trkpt lat="46.329800000000006" lon="11.539530000000001">
    <ele>2175.34</ele>
   </trkpt>
   <trkpt lat="46.32929" lon="11.539190000000001">
    <ele>2177.13</ele>
   </trkpt>
   <trkpt lat="46.3288" lon="11.53889">
    <ele>2179.4800000000005</ele>
   </trkpt>
   <trkpt lat="46.32842" lon="11.53855">
    <ele>2180.92</ele>
   </trkpt>
   <trkpt lat="46.32818" lon="11.53819">
    <ele>2183.34</ele>
   </trkpt>
   <trkpt lat="46.327920000000006" lon="11.537970000000001">
    <ele>2187.4500000000003</ele>
   </trkpt>
   <trkpt lat="46.327780000000004" lon="11.537600000000001">
    <ele>2193.56</ele>
   </trkpt>
   <trkpt lat="46.32764" lon="11.53739">
    <ele>2194.9400000000005</ele>
   </trkpt>
   <trkpt lat="46.32741" lon="11.536950000000001">
    <ele>2196.3700000000003</ele>
   </trkpt>
   <trkpt lat="46.32706" lon="11.53649">
    <ele>2195.28</ele>
   </trkpt>
   <trkpt lat="46.3265" lon="11.5356">
    <ele>2191.71</ele>
   </trkpt>
   <trkpt lat="46.32623" lon="11.53522">
    <ele>2189.95</ele>
   </trkpt>
   <trkpt lat="46.325950000000006" lon="11.53467">
    <ele>2185.05</ele>
   </trkpt>
   <trkpt lat="46.32555000000001" lon="11.53382">
    <ele>2170.37</ele>
   </trkpt>
   <trkpt lat="46.325450000000004" lon="11.533370000000001">
    <ele>2167.64</ele>
   </trkpt>
   <trkpt lat="46.32544" lon="11.53297">
    <ele>2164.76</ele>
   </trkpt>
   <trkpt lat="46.32497499976185" lon="11.533025000497235">
    <ele>2159.86</ele>
   </trkpt>
   <trkpt lat="46.324510000000004" lon="11.533080000000002">
    <ele>2152.8900000000003</ele>
   </trkpt>
   <trkpt lat="46.324220000000004" lon="11.53288">
    <ele>2148.87</ele>
   </trkpt>
   <trkpt lat="46.323930000000004" lon="11.53275">
    <ele>2143.15</ele>
   </trkpt>
   <trkpt lat="46.323730000000005" lon="11.53259">
    <ele>2141.11</ele>
   </trkpt>
   <trkpt lat="46.32352" lon="11.53265">
    <ele>2138.3900000000003</ele>
   </trkpt>
   <trkpt lat="46.32327" lon="11.53255">
    <ele>2136.06</ele>
   </trkpt>
   <trkpt lat="46.323040000000006" lon="11.532490000000001">
    <ele>2131.81</ele>
   </trkpt>
   <trkpt lat="46.322950000000006" lon="11.53231">
    <ele>2130.4100000000003</ele>
   </trkpt>
   <trkpt lat="46.32256" lon="11.532110000000001">
    <ele>2125.1200000000003</ele>
   </trkpt>
   <trkpt lat="46.32229" lon="11.53194">
    <ele>2119.52</ele>
   </trkpt>
   <trkpt lat="46.32148" lon="11.532050000000002">
    <ele>2111.09</ele>
   </trkpt>
   <trkpt lat="46.321270000000005" lon="11.531930000000001">
    <ele>2110.11</ele>
   </trkpt>
   <trkpt lat="46.321110000000004" lon="11.53195">
    <ele>2109.3900000000003</ele>
   </trkpt>
   <trkpt lat="46.32103" lon="11.531880000000001">
    <ele>2109.2500000000005</ele>
   </trkpt>
   <trkpt lat="46.32074" lon="11.53198">
    <ele>2108.1000000000004</ele>
   </trkpt>
   <trkpt lat="46.32067000000001" lon="11.531930000000001">
    <ele>2107.64</ele>
   </trkpt>
   <trkpt lat="46.32023" lon="11.531860000000002">
    <ele>2105.27</ele>
   </trkpt>
   <trkpt lat="46.31969" lon="11.53143">
    <ele>2098.2400000000002</ele>
   </trkpt>
   <trkpt lat="46.3194" lon="11.531400000000001">
    <ele>2096.2599999999998</ele>
   </trkpt>
   <trkpt lat="46.31907" lon="11.531490000000002">
    <ele>2094.59</ele>
   </trkpt>
   <trkpt lat="46.318850000000005" lon="11.53129">
    <ele>2090.82</ele>
   </trkpt>
   <trkpt lat="46.31859" lon="11.53091">
    <ele>2087.87</ele>
   </trkpt>
   <trkpt lat="46.318340000000006" lon="11.530800000000001">
    <ele>2089.2200000000003</ele>
   </trkpt>
   <trkpt lat="46.317980000000006" lon="11.53048">
    <ele>2089.54</ele>
   </trkpt>
   <trkpt lat="46.31712" lon="11.53063">
    <ele>2097.05</ele>
   </trkpt>
   <trkpt lat="46.31685" lon="11.53048">
    <ele>2097.6700000000005</ele>
   </trkpt>
   <trkpt lat="46.31665" lon="11.5302">
    <ele>2100.38</ele>
   </trkpt>
   <trkpt lat="46.316320000000005" lon="11.53001">
    <ele>2105.9300000000003</ele>
   </trkpt>
   <trkpt lat="46.315830000000005" lon="11.530100000000001">
    <ele>2115.39</ele>
   </trkpt>
   <trkpt lat="46.31562" lon="11.52997">
    <ele>2115.69</ele>
   </trkpt>
   <trkpt lat="46.315270000000005" lon="11.529560000000002">
    <ele>2114.98</ele>
   </trkpt>
   <trkpt lat="46.314820000000005" lon="11.52921">
    <ele>2112.73</ele>
   </trkpt>
   <trkpt lat="46.314400000000006" lon="11.529050000000002">
    <ele>2112.53</ele>
   </trkpt>
   <trkpt lat="46.31419" lon="11.529150000000001">
    <ele>2114.08</ele>
   </trkpt>
   <trkpt lat="46.31400000000001" lon="11.528780000000001">
    <ele>2114.26</ele>
   </trkpt>
   <trkpt lat="46.313700000000004" lon="11.52848">
    <ele>2114.4700000000003</ele>
   </trkpt>
   <trkpt lat="46.3136" lon="11.52843">
    <ele>2114.4700000000003</ele>
   </trkpt>
   <trkpt lat="46.31344000000001" lon="11.528210000000001">
    <ele>2115.4700000000003</ele>
   </trkpt>
   <trkpt lat="46.31335000000001" lon="11.52815">
    <ele>2116.29</ele>
   </trkpt>
   <trkpt lat="46.31326000000001" lon="11.528170000000001">
    <ele>2115.2900000000004</ele>
   </trkpt>
   <trkpt lat="46.31322" lon="11.528200000000002">
    <ele>2114.37</ele>
   </trkpt>
   <trkpt lat="46.313140000000004" lon="11.528350000000001">
    <ele>2113.41</ele>
   </trkpt>
   <trkpt lat="46.313050000000004" lon="11.528440000000002">
    <ele>2112.4</ele>
   </trkpt>
   <trkpt lat="46.31304" lon="11.52856">
    <ele>2109.81</ele>
   </trkpt>
   <trkpt lat="46.3128" lon="11.52937">
    <ele>2105.8700000000003</ele>
   </trkpt>
   <trkpt lat="46.3126" lon="11.529890000000002">
    <ele>2100.62</ele>
   </trkpt>
   <trkpt lat="46.312490000000004" lon="11.53082">
    <ele>2091.6400000000003</ele>
   </trkpt>
   <trkpt lat="46.312250000000006" lon="11.530850000000001">
    <ele>2077.1200000000003</ele>
   </trkpt>
   <trkpt lat="46.312000000000005" lon="11.530650000000001">
    <ele>2082.25</ele>
   </trkpt>
   <trkpt lat="46.31195" lon="11.53054">
    <ele>2084.08</ele>
   </trkpt>
   <trkpt lat="46.311910000000005" lon="11.53025">
    <ele>2094.19</ele>
   </trkpt>
   <trkpt lat="46.311690000000006" lon="11.529800000000002">
    <ele>2107.0</ele>
   </trkpt>
   <trkpt lat="46.31152" lon="11.52936">
    <ele>2118.16</ele>
   </trkpt>
   <trkpt lat="46.31141" lon="11.529150000000001">
    <ele>2122.05</ele>
   </trkpt>
   <trkpt lat="46.31125" lon="11.52908">
    <ele>2122.08</ele>
   </trkpt>
   <trkpt lat="46.311080000000004" lon="11.529140000000002">
    <ele>2119.99</ele>
   </trkpt>
   <trkpt lat="46.310880000000004" lon="11.529150000000001">
    <ele>2119.4</ele>
   </trkpt>
   <trkpt lat="46.310570000000006" lon="11.528880000000001">
    <ele>2127.42</ele>
   </trkpt>
   <trkpt lat="46.31036" lon="11.52885">
    <ele>2129.06</ele>
   </trkpt>
   <trkpt lat="46.31013" lon="11.528720000000002">
    <ele>2130.64</ele>
   </trkpt>
   <trkpt lat="46.309990000000006" lon="11.528690000000001">
    <ele>2130.1200000000003</ele>
   </trkpt>
   <trkpt lat="46.3096" lon="11.52838">
    <ele>2129.3900000000003</ele>
   </trkpt>
   <trkpt lat="46.30948" lon="11.528350000000001">
    <ele>2127.7799999999997</ele>
   </trkpt>
   <trkpt lat="46.30939" lon="11.528440000000002">
    <ele>2126.05</ele>
   </trkpt>
   <trkpt lat="46.30939" lon="11.528630000000001">
    <ele>2125.26</ele>
   </trkpt>
   <trkpt lat="46.309340000000006" lon="11.528820000000001">
    <ele>2122.84</ele>
   </trkpt>
   <trkpt lat="46.309050000000006" lon="11.52884">
    <ele>2118.53</ele>
   </trkpt>
   <trkpt lat="46.308870000000006" lon="11.528690000000001">
    <ele>2114.97</ele>
   </trkpt>
   <trkpt lat="46.308800000000005" lon="11.528340000000002">
    <ele>2112.27</ele>
   </trkpt>
   <trkpt lat="46.30886" lon="11.52832">
    <ele>2107.39</ele>
   </trkpt>
   <trkpt lat="46.308960000000006" lon="11.52818">
    <ele>2109.7200000000003</ele>
   </trkpt>
   <trkpt lat="46.30908" lon="11.528070000000001">
    <ele>2111.71</ele>
   </trkpt>
   <trkpt lat="46.309180000000005" lon="11.52791">
    <ele>2111.2999999999997</ele>
   </trkpt>
   <trkpt lat="46.30937" lon="11.527780000000002">
    <ele>2112.1600000000003</ele>
   </trkpt>
   <trkpt lat="46.309400000000004" lon="11.527780000000002">
    <ele>2112.1600000000003</ele>
   </trkpt>
   <trkpt lat="46.30946" lon="11.527880000000001">
    <ele>2115.09</ele>
   </trkpt>
   <trkpt lat="46.30950000000001" lon="11.52791">
    <ele>2117.01</ele>
   </trkpt>
   <trkpt lat="46.30953" lon="11.52782">
    <ele>2121.32</ele>
   </trkpt>
   <trkpt lat="46.309490000000004" lon="11.527730000000002">
    <ele>2123.2999999999997</ele>
   </trkpt>
   <trkpt lat="46.30946" lon="11.527470000000001">
    <ele>2127.69</ele>
   </trkpt>
   <trkpt lat="46.30951" lon="11.5274">
    <ele>2127.46</ele>
   </trkpt>
   <trkpt lat="46.30950000000001" lon="11.527370000000001">
    <ele>2126.96</ele>
   </trkpt>
   <trkpt lat="46.30955" lon="11.52734">
    <ele>2126.36</ele>
   </trkpt>
   <trkpt lat="46.3096" lon="11.527370000000001">
    <ele>2125.83</ele>
   </trkpt>
   <trkpt lat="46.30966" lon="11.52734">
    <ele>2125.48</ele>
   </trkpt>
   <trkpt lat="46.309830000000005" lon="11.527140000000001">
    <ele>2127.52</ele>
   </trkpt>
   <trkpt lat="46.30988000000001" lon="11.52702">
    <ele>2131.05</ele>
   </trkpt>
   <trkpt lat="46.309900000000006" lon="11.526710000000001">
    <ele>2133.9300000000003</ele>
   </trkpt>
   <trkpt lat="46.310010000000005" lon="11.526480000000001">
    <ele>2136.09</ele>
   </trkpt>
   <trkpt lat="46.31006000000001" lon="11.52631">
    <ele>2136.6</ele>
   </trkpt>
   <trkpt lat="46.31017000000001" lon="11.526230000000002">
    <ele>2136.1700000000005</ele>
   </trkpt>
   <trkpt lat="46.310190000000006" lon="11.52599">
    <ele>2134.61</ele>
   </trkpt>
   <trkpt lat="46.31017000000001" lon="11.525720000000002">
    <ele>2136.7000000000003</ele>
   </trkpt>
   <trkpt lat="46.310230000000004" lon="11.525490000000001">
    <ele>2137.81</ele>
   </trkpt>
   <trkpt lat="46.31044000000001" lon="11.525220000000001">
    <ele>2135.2200000000003</ele>
   </trkpt>
   <trkpt lat="46.31065" lon="11.525200000000002">
    <ele>2134.29</ele>
   </trkpt>
   <trkpt lat="46.3108" lon="11.525150000000002">
    <ele>2135.79</ele>
   </trkpt>
   <trkpt lat="46.31109000000001" lon="11.525">
    <ele>2139.92</ele>
   </trkpt>
   <trkpt lat="46.311260000000004" lon="11.524870000000002">
    <ele>2145.89</ele>
   </trkpt>
   <trkpt lat="46.311330000000005" lon="11.52443">
    <ele>2158.8199999999997</ele>
   </trkpt>
   <trkpt lat="46.311370000000004" lon="11.52435">
    <ele>2160.39</ele>
   </trkpt>
   <trkpt lat="46.31141" lon="11.524090000000001">
    <ele>2165.4600000000005</ele>
   </trkpt>
   <trkpt lat="46.31129000000001" lon="11.523790000000002">
    <ele>2172.7700000000004</ele>
   </trkpt>
   <trkpt lat="46.31125" lon="11.523470000000001">
    <ele>2178.04</ele>
   </trkpt>
   <trkpt lat="46.31120000000001" lon="11.52331">
    <ele>2180.25</ele>
   </trkpt>
   <trkpt lat="46.31119" lon="11.523280000000002">
    <ele>2180.6200000000003</ele>
   </trkpt>
   <trkpt lat="46.311350000000004" lon="11.52349">
    <ele>2181.1200000000003</ele>
   </trkpt>
   <trkpt lat="46.311530000000005" lon="11.52355">
    <ele>2178.9900000000002</ele>
   </trkpt>
   <trkpt lat="46.311690000000006" lon="11.523560000000002">
    <ele>2174.67</ele>
   </trkpt>
   <trkpt lat="46.31186" lon="11.523650000000002">
    <ele>2172.61</ele>
   </trkpt>
   <trkpt lat="46.311980000000005" lon="11.52383">
    <ele>2166.9900000000002</ele>
   </trkpt>
   <trkpt lat="46.312050000000006" lon="11.523850000000001">
    <ele>2166.9900000000002</ele>
   </trkpt>
   <trkpt lat="46.31215" lon="11.52396">
    <ele>2163.57</ele>
   </trkpt>
   <trkpt lat="46.31228" lon="11.523990000000001">
    <ele>2162.64</ele>
   </trkpt>
   <trkpt lat="46.31273" lon="11.52429">
    <ele>2157.23</ele>
   </trkpt>
   <trkpt lat="46.313050000000004" lon="11.52467">
    <ele>2158.07</ele>
   </trkpt>
   <trkpt lat="46.31327" lon="11.525170000000001">
    <ele>2154.08</ele>
   </trkpt>
   <trkpt lat="46.31338" lon="11.52537">
    <ele>2151.94</ele>
   </trkpt>
   <trkpt lat="46.31394" lon="11.525680000000001">
    <ele>2147.42</ele>
   </trkpt>
   <trkpt lat="46.31429000000001" lon="11.52571">
    <ele>2153.06</ele>
   </trkpt>
   <trkpt lat="46.314640000000004" lon="11.526000000000002">
    <ele>2165.36</ele>
   </trkpt>
   <trkpt lat="46.314890000000005" lon="11.526110000000001">
    <ele>2174.44</ele>
   </trkpt>
   <trkpt lat="46.31514000000001" lon="11.52636">
    <ele>2183.63</ele>
   </trkpt>
   <trkpt lat="46.31532000000001" lon="11.526710000000001">
    <ele>2190.89</ele>
   </trkpt>
   <trkpt lat="46.3158" lon="11.52693">
    <ele>2209.3700000000003</ele>
   </trkpt>
   <trkpt lat="46.31593" lon="11.52725">
    <ele>2222.32</ele>
   </trkpt>
   <trkpt lat="46.316140000000004" lon="11.527550000000002">
    <ele>2227.6000000000004</ele>
   </trkpt>
   <trkpt lat="46.31631" lon="11.527600000000001">
    <ele>2229.5</ele>
   </trkpt>
   <trkpt lat="46.31644000000001" lon="11.527780000000002">
    <ele>2227.51</ele>
   </trkpt>
   <trkpt lat="46.31656" lon="11.527800000000001">
    <ele>2227.11</ele>
   </trkpt>
   <trkpt lat="46.316680000000005" lon="11.527650000000001">
    <ele>2225.2</ele>
   </trkpt>
   <trkpt lat="46.31687" lon="11.527600000000001">
    <ele>2222.89</ele>
   </trkpt>
   <trkpt lat="46.316970000000005" lon="11.527640000000002">
    <ele>2221.03</ele>
   </trkpt>
   <trkpt lat="46.31738000000001" lon="11.52813">
    <ele>2222.44</ele>
   </trkpt>
   <trkpt lat="46.31752" lon="11.52796">
    <ele>2221.69</ele>
   </trkpt>
   <trkpt lat="46.31805000000001" lon="11.52777">
    <ele>2212.36</ele>
   </trkpt>
   <trkpt lat="46.318450000000006" lon="11.527920000000002">
    <ele>2214.35</ele>
   </trkpt>
   <trkpt lat="46.31853" lon="11.52786">
    <ele>2214.51</ele>
   </trkpt>
   <trkpt lat="46.318580000000004" lon="11.52799">
    <ele>2215.26</ele>
   </trkpt>
   <trkpt lat="46.318650000000005" lon="11.527890000000001">
    <ele>2215.84</ele>
   </trkpt>
   <trkpt lat="46.31889" lon="11.528030000000001">
    <ele>2221.4</ele>
   </trkpt>
   <trkpt lat="46.319100000000006" lon="11.528210000000001">
    <ele>2230.2400000000002</ele>
   </trkpt>
   <trkpt lat="46.31911" lon="11.52828">
    <ele>2232.37</ele>
   </trkpt>
   <trkpt lat="46.3194" lon="11.528030000000001">
    <ele>2245.06</ele>
   </trkpt>
   <trkpt lat="46.31955000000001" lon="11.52801">
    <ele>2247.4</ele>
   </trkpt>
   <trkpt lat="46.319590000000005" lon="11.527940000000001">
    <ele>2251.83</ele>
   </trkpt>
   <trkpt lat="46.31965" lon="11.527970000000002">
    <ele>2251.83</ele>
   </trkpt>
   <trkpt lat="46.31973000000001" lon="11.52813">
    <ele>2257.55</ele>
   </trkpt>
   <trkpt lat="46.319840000000006" lon="11.528210000000001">
    <ele>2260.96</ele>
   </trkpt>
   <trkpt lat="46.31991000000001" lon="11.528310000000001">
    <ele>2262.26</ele>
   </trkpt>
   <trkpt lat="46.32012" lon="11.52847">
    <ele>2261.3</ele>
   </trkpt>
   <trkpt lat="46.320420000000006" lon="11.528500000000001">
    <ele>2257.7700000000004</ele>
   </trkpt>
   <trkpt lat="46.320710000000005" lon="11.52843">
    <ele>2256.4300000000003</ele>
   </trkpt>
   <trkpt lat="46.32094000000001" lon="11.52848">
    <ele>2256.5600000000004</ele>
   </trkpt>
   <trkpt lat="46.32108" lon="11.52848">
    <ele>2256.59</ele>
   </trkpt>
   <trkpt lat="46.321250000000006" lon="11.528580000000002">
    <ele>2255.7200000000003</ele>
   </trkpt>
   <trkpt lat="46.32144" lon="11.5286">
    <ele>2253.19</ele>
   </trkpt>
   <trkpt lat="46.321600000000004" lon="11.52885">
    <ele>2245.75</ele>
   </trkpt>
   <trkpt lat="46.32182" lon="11.529000000000002">
    <ele>2238.11</ele>
   </trkpt>
   <trkpt lat="46.32198" lon="11.52908">
    <ele>2235.7599999999998</ele>
   </trkpt>
   <trkpt lat="46.32208000000001" lon="11.529240000000001">
    <ele>2233.0499999999997</ele>
   </trkpt>
   <trkpt lat="46.322210000000005" lon="11.529240000000001">
    <ele>2228.54</ele>
   </trkpt>
   <trkpt lat="46.32226000000001" lon="11.52927">
    <ele>2222.7300000000005</ele>
   </trkpt>
   <trkpt lat="46.322230000000005" lon="11.5294">
    <ele>2222.7300000000005</ele>
   </trkpt>
   <trkpt lat="46.322280000000006" lon="11.529520000000002">
    <ele>2218.3300000000004</ele>
   </trkpt>
   <trkpt lat="46.322410000000005" lon="11.529580000000001">
    <ele>2214.89</ele>
   </trkpt>
   <trkpt lat="46.32284000000001" lon="11.530040000000001">
    <ele>2207.4900000000002</ele>
   </trkpt>
   <trkpt lat="46.322900000000004" lon="11.530140000000001">
    <ele>2206.13</ele>
   </trkpt>
   <trkpt lat="46.32296" lon="11.530170000000002">
    <ele>2206.13</ele>
   </trkpt>
   <trkpt lat="46.32303" lon="11.53012">
    <ele>2203.56</ele>
   </trkpt>
   <trkpt lat="46.32312" lon="11.530140000000001">
    <ele>2202.11</ele>
   </trkpt>
   <trkpt lat="46.32316" lon="11.530230000000001">
    <ele>2201.1800000000003</ele>
   </trkpt>
   <trkpt lat="46.32332" lon="11.530280000000001">
    <ele>2200.4300000000003</ele>
   </trkpt>
   <trkpt lat="46.32341" lon="11.530420000000001">
    <ele>2199.0000000000005</ele>
   </trkpt>
   <trkpt lat="46.32349000000001" lon="11.53076">
    <ele>2194.71</ele>
   </trkpt>
   <trkpt lat="46.32354" lon="11.5309">
    <ele>2192.13</ele>
   </trkpt>
   <trkpt lat="46.323750000000004" lon="11.531080000000001">
    <ele>2189.48</ele>
   </trkpt>
   <trkpt lat="46.32392" lon="11.5312">
    <ele>2188.55</ele>
   </trkpt>
   <trkpt lat="46.324040000000004" lon="11.53124">
    <ele>2186.9500000000003</ele>
   </trkpt>
   <trkpt lat="46.324220000000004" lon="11.5312">
    <ele>2186.6000000000004</ele>
   </trkpt>
   <trkpt lat="46.32441" lon="11.531120000000001">
    <ele>2187.8300000000004</ele>
   </trkpt>
   <trkpt lat="46.324600000000004" lon="11.53124">
    <ele>2185.89</ele>
   </trkpt>
   <trkpt lat="46.32481000000001" lon="11.531170000000001">
    <ele>2180.6</ele>
   </trkpt>
   <trkpt lat="46.324850000000005" lon="11.531220000000001">
    <ele>2179.5</ele>
   </trkpt>
   <trkpt lat="46.325010000000006" lon="11.531820000000002">
    <ele>2174.15</ele>
   </trkpt>
   <trkpt lat="46.325210000000006" lon="11.532290000000001">
    <ele>2168.13</ele>
   </trkpt>
   <trkpt lat="46.325430000000004" lon="11.53288">
    <ele>2164.76</ele>
   </trkpt>
   <trkpt lat="46.32544" lon="11.53297">
    <ele>2164.76</ele>
   </trkpt>
   <trkpt lat="46.325480000000006" lon="11.532950000000001">
    <ele>2164.9100000000003</ele>
   </trkpt>
   <trkpt lat="46.325700000000005" lon="11.53306">
    <ele>2164.9800000000005</ele>
   </trkpt>
   <trkpt lat="46.32582000000001" lon="11.53317">
    <ele>2164.9500000000003</ele>
   </trkpt>
   <trkpt lat="46.325900000000004" lon="11.5333">
    <ele>2164.6</ele>
   </trkpt>
   <trkpt lat="46.32654" lon="11.5335">
    <ele>2158.92</ele>
   </trkpt>
   <trkpt lat="46.3269" lon="11.53372">
    <ele>2154.7599999999998</ele>
   </trkpt>
   <trkpt lat="46.3271" lon="11.534030000000001">
    <ele>2149.1800000000003</ele>
   </trkpt>
   <trkpt lat="46.327560000000005" lon="11.53438">
    <ele>2141.7200000000003</ele>
   </trkpt>
   <trkpt lat="46.32764" lon="11.53452">
    <ele>2140.63</ele>
   </trkpt>
   <trkpt lat="46.32781000000001" lon="11.53453">
    <ele>2138.73</ele>
   </trkpt>
   <trkpt lat="46.32795" lon="11.534370000000001">
    <ele>2135.91</ele>
   </trkpt>
   <trkpt lat="46.328160000000004" lon="11.534270000000001">
    <ele>2131.91</ele>
   </trkpt>
   <trkpt lat="46.328300000000006" lon="11.53434">
    <ele>2130.6600000000003</ele>
   </trkpt>
   <trkpt lat="46.328590000000005" lon="11.535160000000001">
    <ele>2121.13</ele>
   </trkpt>
   <trkpt lat="46.32921" lon="11.535910000000001">
    <ele>2116.93</ele>
   </trkpt>
   <trkpt lat="46.32956" lon="11.53617">
    <ele>2112.23</ele>
   </trkpt>
   <trkpt lat="46.329800000000006" lon="11.53649">
    <ele>2110.08</ele>
   </trkpt>
   <trkpt lat="46.32992" lon="11.53659">
    <ele>2109.62</ele>
   </trkpt>
   <trkpt lat="46.330040000000004" lon="11.53682">
    <ele>2109.1200000000003</ele>
   </trkpt>
   <trkpt lat="46.33035" lon="11.536950000000001">
    <ele>2108.1800000000003</ele>
   </trkpt>
   <trkpt lat="46.33043000000001" lon="11.537130000000001">
    <ele>2106.7200000000003</ele>
   </trkpt>
   <trkpt lat="46.330490000000005" lon="11.537210000000002">
    <ele>2106.22</ele>
   </trkpt>
   <trkpt lat="46.33061000000001" lon="11.537170000000001">
    <ele>2106.08</ele>
   </trkpt>
   <trkpt lat="46.330890000000004" lon="11.537130000000001">
    <ele>2105.8700000000003</ele>
   </trkpt>
   <trkpt lat="46.33106" lon="11.537170000000001">
    <ele>2105.2</ele>
   </trkpt>
   <trkpt lat="46.33135" lon="11.537540000000002">
    <ele>2105.02</ele>
   </trkpt>
   <trkpt lat="46.331520000000005" lon="11.537790000000001">
    <ele>2104.4500000000003</ele>
   </trkpt>
   <trkpt lat="46.33174" lon="11.5378">
    <ele>2104.71</ele>
   </trkpt>
   <trkpt lat="46.332100000000004" lon="11.538120000000001">
    <ele>2105.1800000000003</ele>
   </trkpt>
   <trkpt lat="46.3322" lon="11.538350000000001">
    <ele>2104.06</ele>
   </trkpt>
   <trkpt lat="46.33231000000001" lon="11.53842">
    <ele>2104.08</ele>
   </trkpt>
   <trkpt lat="46.33274" lon="11.53842">
    <ele>2106.28</ele>
   </trkpt>
   <trkpt lat="46.33292" lon="11.53846">
    <ele>2107.7799999999997</ele>
   </trkpt>
   <trkpt lat="46.33325000000001" lon="11.53879">
    <ele>2107.2900000000004</ele>
   </trkpt>
   <trkpt lat="46.3335" lon="11.53927">
    <ele>2104.8900000000003</ele>
   </trkpt>
   <trkpt lat="46.3337" lon="11.539790000000002">
    <ele>2101.9700000000003</ele>
   </trkpt>
   <trkpt lat="46.33381000000001" lon="11.53987">
    <ele>2101.15</ele>
   </trkpt>
   <trkpt lat="46.333890000000004" lon="11.54025">
    <ele>2099.4</ele>
   </trkpt>
   <trkpt lat="46.33404" lon="11.54062">
    <ele>2096.09</ele>
   </trkpt>
   <trkpt lat="46.33428000000001" lon="11.54095">
    <ele>2090.7599999999998</ele>
   </trkpt>
   <trkpt lat="46.33444" lon="11.54147">
    <ele>2086.52</ele>
   </trkpt>
   <trkpt lat="46.33446000000001" lon="11.54165">
    <ele>2085.15</ele>
   </trkpt>
   <trkpt lat="46.3344" lon="11.54212">
    <ele>2080.76</ele>
   </trkpt>
   <trkpt lat="46.3344" lon="11.542280000000002">
    <ele>2079.92</ele>
   </trkpt>
   <trkpt lat="46.334360000000004" lon="11.542520000000001">
    <ele>2075.33</ele>
   </trkpt>
   <trkpt lat="46.334120000000006" lon="11.542750000000002">
    <ele>2071.69</ele>
   </trkpt>
   <trkpt lat="46.333800000000004" lon="11.5433">
    <ele>2067.2000000000003</ele>
   </trkpt>
   <trkpt lat="46.333740000000006" lon="11.543640000000002">
    <ele>2067.04</ele>
   </trkpt>
   <trkpt lat="46.33377" lon="11.54382">
    <ele>2068.08</ele>
   </trkpt>
   <trkpt lat="46.33384" lon="11.543980000000001">
    <ele>2069.11</ele>
   </trkpt>
   <trkpt lat="46.33408000000001" lon="11.54429">
    <ele>2071.55</ele>
   </trkpt>
   <trkpt lat="46.33438" lon="11.54475">
    <ele>2078.38</ele>
   </trkpt>
   <trkpt lat="46.33476" lon="11.545160000000001">
    <ele>2089.9100000000003</ele>
   </trkpt>
   <trkpt lat="46.335190000000004" lon="11.5455">
    <ele>2096.47</ele>
   </trkpt>
   <trkpt lat="46.33556" lon="11.545670000000001">
    <ele>2098.94</ele>
   </trkpt>
   <trkpt lat="46.335620000000006" lon="11.545850000000002">
    <ele>2100.9700000000003</ele>
   </trkpt>
   <trkpt lat="46.335550000000005" lon="11.546360000000002">
    <ele>2104.5800000000004</ele>
   </trkpt>
   <trkpt lat="46.335570000000004" lon="11.54691">
    <ele>2108.34</ele>
   </trkpt>
   <trkpt lat="46.33554" lon="11.546970000000002">
    <ele>2108.34</ele>
   </trkpt>
   <trkpt lat="46.33549000000001" lon="11.54695">
    <ele>2108.34</ele>
   </trkpt>
   <trkpt lat="46.33518" lon="11.546660000000001">
    <ele>2122.8900000000003</ele>
   </trkpt>
   <trkpt lat="46.334810000000004" lon="11.54663">
    <ele>2137.95</ele>
   </trkpt>
   <trkpt lat="46.334365000053815" lon="11.54682500163579">
    <ele>2149.75</ele>
   </trkpt>
   <trkpt lat="46.333920000000006" lon="11.547020000000002">
    <ele>2158.09</ele>
   </trkpt>
   <trkpt lat="46.333690000000004" lon="11.547210000000002">
    <ele>2164.57</ele>
   </trkpt>
   <trkpt lat="46.333540000000006" lon="11.547450000000001">
    <ele>2167.4200000000005</ele>
   </trkpt>
   <trkpt lat="46.33348" lon="11.547820000000002">
    <ele>2170.3</ele>
   </trkpt>
   <trkpt lat="46.33348" lon="11.54798">
    <ele>2171.25</ele>
   </trkpt>
   <trkpt lat="46.333560000000006" lon="11.548210000000001">
    <ele>2172.2300000000005</ele>
   </trkpt>
   <trkpt lat="46.333560000000006" lon="11.54828">
    <ele>2172.66</ele>
   </trkpt>
   <trkpt lat="46.33353" lon="11.54836">
    <ele>2173.1200000000003</ele>
   </trkpt>
   <trkpt lat="46.333360000000006" lon="11.548490000000001">
    <ele>2175.09</ele>
   </trkpt>
   <trkpt lat="46.3333" lon="11.54859">
    <ele>2175.91</ele>
   </trkpt>
   <trkpt lat="46.33332" lon="11.54883">
    <ele>2177.19</ele>
   </trkpt>
   <trkpt lat="46.33314000000001" lon="11.549240000000001">
    <ele>2178.88</ele>
   </trkpt>
   <trkpt lat="46.333000000000006" lon="11.54944">
    <ele>2180.4</ele>
   </trkpt>
   <trkpt lat="46.33288" lon="11.549570000000001">
    <ele>2181.9</ele>
   </trkpt>
   <trkpt lat="46.332860000000004" lon="11.549830000000002">
    <ele>2182.42</ele>
   </trkpt>
   <trkpt lat="46.33274" lon="11.550170000000001">
    <ele>2183.71</ele>
   </trkpt>
   <trkpt lat="46.332730000000005" lon="11.550400000000002">
    <ele>2184.27</ele>
   </trkpt>
   <trkpt lat="46.332640000000005" lon="11.550690000000001">
    <ele>2185.6400000000003</ele>
   </trkpt>
   <trkpt lat="46.332550000000005" lon="11.550870000000002">
    <ele>2186.37</ele>
   </trkpt>
   <trkpt lat="46.33249000000001" lon="11.55118">
    <ele>2188.99</ele>
   </trkpt>
   <trkpt lat="46.332510000000006" lon="11.55128">
    <ele>2189.5</ele>
   </trkpt>
   <trkpt lat="46.33232" lon="11.551760000000002">
    <ele>2195.9</ele>
   </trkpt>
   <trkpt lat="46.33227" lon="11.55197">
    <ele>2197.41</ele>
   </trkpt>
   <trkpt lat="46.332280000000004" lon="11.55258">
    <ele>2201.27</ele>
   </trkpt>
   <trkpt lat="46.3322" lon="11.55324">
    <ele>2206.89</ele>
   </trkpt>
   <trkpt lat="46.33214" lon="11.55329">
    <ele>2207.58</ele>
   </trkpt>
   <trkpt lat="46.33211000000001" lon="11.553510000000001">
    <ele>2208.0800000000004</ele>
   </trkpt>
   <trkpt lat="46.332060000000006" lon="11.55353">
    <ele>2208.9700000000003</ele>
   </trkpt>
   <trkpt lat="46.331830000000004" lon="11.55408">
    <ele>2212.36</ele>
   </trkpt>
   <trkpt lat="46.33176" lon="11.554170000000001">
    <ele>2212.36</ele>
   </trkpt>
   <trkpt lat="46.331720000000004" lon="11.55447">
    <ele>2213.66</ele>
   </trkpt>
   <trkpt lat="46.33155000000001" lon="11.55498">
    <ele>2216.04</ele>
   </trkpt>
   <trkpt lat="46.331450000000004" lon="11.55508">
    <ele>2216.2200000000003</ele>
   </trkpt>
   <trkpt lat="46.331500000000005" lon="11.55508">
    <ele>2216.3</ele>
   </trkpt>
   <trkpt lat="46.33151" lon="11.555150000000001">
    <ele>2216.3</ele>
   </trkpt>
   <trkpt lat="46.331450000000004" lon="11.555240000000001">
    <ele>2216.31</ele>
   </trkpt>
   <trkpt lat="46.331450000000004" lon="11.5553">
    <ele>2216.31</ele>
   </trkpt>
   <trkpt lat="46.331390000000006" lon="11.555340000000001">
    <ele>2216.34</ele>
   </trkpt>
   <trkpt lat="46.33142" lon="11.555380000000001">
    <ele>2216.34</ele>
   </trkpt>
   <trkpt lat="46.331300000000006" lon="11.55545">
    <ele>2216.6</ele>
   </trkpt>
   <trkpt lat="46.33129" lon="11.55554">
    <ele>2216.6200000000003</ele>
   </trkpt>
   <trkpt lat="46.331250000000004" lon="11.55555">
    <ele>2216.6</ele>
   </trkpt>
   <trkpt lat="46.331250000000004" lon="11.555620000000001">
    <ele>2216.54</ele>
   </trkpt>
   <trkpt lat="46.33106" lon="11.55578">
    <ele>2216.07</ele>
   </trkpt>
   <trkpt lat="46.33109" lon="11.555900000000001">
    <ele>2216.07</ele>
   </trkpt>
   <trkpt lat="46.331160000000004" lon="11.555940000000001">
    <ele>2215.8700000000003</ele>
   </trkpt>
   <trkpt lat="46.331140000000005" lon="11.556080000000001">
    <ele>2215.8700000000003</ele>
   </trkpt>
   <trkpt lat="46.33115" lon="11.556310000000002">
    <ele>2215.1400000000003</ele>
   </trkpt>
   <trkpt lat="46.33108000000001" lon="11.556470000000001">
    <ele>2214.9900000000002</ele>
   </trkpt>
   <trkpt lat="46.33108000000001" lon="11.55658">
    <ele>2214.27</ele>
   </trkpt>
   <trkpt lat="46.331010000000006" lon="11.55681">
    <ele>2214.5800000000004</ele>
   </trkpt>
   <trkpt lat="46.330980000000004" lon="11.557030000000001">
    <ele>2215.8700000000003</ele>
   </trkpt>
   <trkpt lat="46.33079" lon="11.557250000000002">
    <ele>2216.19</ele>
   </trkpt>
   <trkpt lat="46.33077" lon="11.557400000000001">
    <ele>2215.8700000000003</ele>
   </trkpt>
   <trkpt lat="46.3308" lon="11.55747">
    <ele>2212.75</ele>
   </trkpt>
   <trkpt lat="46.33081000000001" lon="11.55756">
    <ele>2211.29</ele>
   </trkpt>
   <trkpt lat="46.33095" lon="11.55771">
    <ele>2206.03</ele>
   </trkpt>
   <trkpt lat="46.33113" lon="11.558100000000001">
    <ele>2195.8100000000004</ele>
   </trkpt>
   <trkpt lat="46.33129" lon="11.55831">
    <ele>2189.98</ele>
   </trkpt>
   <trkpt lat="46.331770000000006" lon="11.558660000000001">
    <ele>2178.77</ele>
   </trkpt>
   <trkpt lat="46.33213000000001" lon="11.558700000000002">
    <ele>2177.08</ele>
   </trkpt>
   <trkpt lat="46.33238" lon="11.55869">
    <ele>2176.4100000000003</ele>
   </trkpt>
   <trkpt lat="46.33265" lon="11.558560000000002">
    <ele>2172.12</ele>
   </trkpt>
   <trkpt lat="46.33278000000001" lon="11.558430000000001">
    <ele>2170.34</ele>
   </trkpt>
   <trkpt lat="46.33305000000001" lon="11.558330000000002">
    <ele>2172.34</ele>
   </trkpt>
   <trkpt lat="46.333220000000004" lon="11.55822">
    <ele>2174.49</ele>
   </trkpt>
   <trkpt lat="46.333650000000006" lon="11.558110000000001">
    <ele>2177.71</ele>
   </trkpt>
   <trkpt lat="46.33382" lon="11.557970000000001">
    <ele>2180.76</ele>
   </trkpt>
   <trkpt lat="46.334050000000005" lon="11.557810000000002">
    <ele>2184.31</ele>
   </trkpt>
   <trkpt lat="46.33433" lon="11.557690000000001">
    <ele>2188.2900000000004</ele>
   </trkpt>
   <trkpt lat="46.33442" lon="11.5577">
    <ele>2189.88</ele>
   </trkpt>
   <trkpt lat="46.33449" lon="11.55774">
    <ele>2189.88</ele>
   </trkpt>
   <trkpt lat="46.33456" lon="11.557830000000001">
    <ele>2190.9</ele>
   </trkpt>
   <trkpt lat="46.33462" lon="11.55799">
    <ele>2192.72</ele>
   </trkpt>
   <trkpt lat="46.334680000000006" lon="11.558060000000001">
    <ele>2193.09</ele>
   </trkpt>
   <trkpt lat="46.334740000000004" lon="11.55807">
    <ele>2193.69</ele>
   </trkpt>
   <trkpt lat="46.33505" lon="11.558060000000001">
    <ele>2194.7000000000003</ele>
   </trkpt>
   <trkpt lat="46.33516" lon="11.55802">
    <ele>2195.05</ele>
   </trkpt>
   <trkpt lat="46.33536" lon="11.55789">
    <ele>2195.31</ele>
   </trkpt>
   <trkpt lat="46.335480000000004" lon="11.55784">
    <ele>2195.46</ele>
   </trkpt>
   <trkpt lat="46.335620000000006" lon="11.55784">
    <ele>2195.8900000000003</ele>
   </trkpt>
   <trkpt lat="46.33576" lon="11.55789">
    <ele>2196.66</ele>
   </trkpt>
   <trkpt lat="46.336220000000004" lon="11.558150000000001">
    <ele>2199.9500000000003</ele>
   </trkpt>
   <trkpt lat="46.336580000000005" lon="11.558250000000001">
    <ele>2201.51</ele>
   </trkpt>
   <trkpt lat="46.33673" lon="11.55836">
    <ele>2201.76</ele>
   </trkpt>
   <trkpt lat="46.336870000000005" lon="11.55854">
    <ele>2201.92</ele>
   </trkpt>
   <trkpt lat="46.337160000000004" lon="11.55877">
    <ele>2202.8800000000006</ele>
   </trkpt>
   <trkpt lat="46.33758" lon="11.559000000000001">
    <ele>2203.3300000000004</ele>
   </trkpt>
   <trkpt lat="46.33773" lon="11.55906">
    <ele>2202.75</ele>
   </trkpt>
   <trkpt lat="46.337830000000004" lon="11.559040000000001">
    <ele>2202.25</ele>
   </trkpt>
   <trkpt lat="46.33804000000001" lon="11.55892">
    <ele>2197.44</ele>
   </trkpt>
   <trkpt lat="46.338420000000006" lon="11.558470000000002">
    <ele>2189.14</ele>
   </trkpt>
   <trkpt lat="46.33867" lon="11.55831">
    <ele>2186.8700000000003</ele>
   </trkpt>
   <trkpt lat="46.33899" lon="11.55817">
    <ele>2183.9600000000005</ele>
   </trkpt>
   <trkpt lat="46.339200000000005" lon="11.55817">
    <ele>2181.15</ele>
   </trkpt>
   <trkpt lat="46.33972000000001" lon="11.558240000000001">
    <ele>2177.65</ele>
   </trkpt>
   <trkpt lat="46.339850000000006" lon="11.558300000000001">
    <ele>2177.02</ele>
   </trkpt>
   <trkpt lat="46.339980000000004" lon="11.558390000000001">
    <ele>2176.12</ele>
   </trkpt>
   <trkpt lat="46.34053" lon="11.558990000000001">
    <ele>2174.0600000000004</ele>
   </trkpt>
   <trkpt lat="46.34062" lon="11.559040000000001">
    <ele>2172.53</ele>
   </trkpt>
   <trkpt lat="46.340720000000005" lon="11.559040000000001">
    <ele>2172.53</ele>
   </trkpt>
   <trkpt lat="46.34095000000001" lon="11.55888">
    <ele>2171.3300000000004</ele>
   </trkpt>
   <trkpt lat="46.34109" lon="11.55882">
    <ele>2170.0600000000004</ele>
   </trkpt>
   <trkpt lat="46.34174" lon="11.558760000000001">
    <ele>2160.75</ele>
   </trkpt>
   <trkpt lat="46.341840000000005" lon="11.558720000000001">
    <ele>2157.32</ele>
   </trkpt>
   <trkpt lat="46.34189000000001" lon="11.55864">
    <ele>2157.32</ele>
   </trkpt>
   <trkpt lat="46.34194" lon="11.55851">
    <ele>2151.31</ele>
   </trkpt>
   <trkpt lat="46.34194" lon="11.5584">
    <ele>2151.31</ele>
   </trkpt>
   <trkpt lat="46.34187000000001" lon="11.557780000000001">
    <ele>2140.9500000000003</ele>
   </trkpt>
   <trkpt lat="46.34189000000001" lon="11.55752">
    <ele>2134.8700000000003</ele>
   </trkpt>
   <trkpt lat="46.34192" lon="11.557490000000001">
    <ele>2132.67</ele>
   </trkpt>
   <trkpt lat="46.341950000000004" lon="11.557490000000001">
    <ele>2132.67</ele>
   </trkpt>
   <trkpt lat="46.34219" lon="11.55785">
    <ele>2125.7300000000005</ele>
   </trkpt>
   <trkpt lat="46.342470000000006" lon="11.55807">
    <ele>2122.67</ele>
   </trkpt>
   <trkpt lat="46.342600000000004" lon="11.558200000000001">
    <ele>2122.0600000000004</ele>
   </trkpt>
   <trkpt lat="46.34275" lon="11.55851">
    <ele>2121.36</ele>
   </trkpt>
   <trkpt lat="46.34281000000001" lon="11.5586">
    <ele>2121.3900000000003</ele>
   </trkpt>
   <trkpt lat="46.34302" lon="11.558720000000001">
    <ele>2121.71</ele>
   </trkpt>
   <trkpt lat="46.34337000000001" lon="11.55883">
    <ele>2119.5699999999997</ele>
   </trkpt>
   <trkpt lat="46.343610000000005" lon="11.558860000000001">
    <ele>2115.75</ele>
   </trkpt>
   <trkpt lat="46.34389" lon="11.55883">
    <ele>2113.57</ele>
   </trkpt>
   <trkpt lat="46.344190000000005" lon="11.558850000000001">
    <ele>2112.82</ele>
   </trkpt>
   <trkpt lat="46.344440000000006" lon="11.558900000000001">
    <ele>2112.7900000000004</ele>
   </trkpt>
   <trkpt lat="46.344710000000006" lon="11.55901">
    <ele>2113.2200000000003</ele>
   </trkpt>
   <trkpt lat="46.34498000000001" lon="11.559220000000002">
    <ele>2114.5400000000004</ele>
   </trkpt>
   <trkpt lat="46.34512" lon="11.559310000000002">
    <ele>2116.12</ele>
   </trkpt>
   <trkpt lat="46.345600000000005" lon="11.559360000000002">
    <ele>2123.01</ele>
   </trkpt>
   <trkpt lat="46.34582" lon="11.559410000000002">
    <ele>2127.85</ele>
   </trkpt>
   <trkpt lat="46.346360000000004" lon="11.559370000000001">
    <ele>2139.32</ele>
   </trkpt>
   <trkpt lat="46.34667" lon="11.55943">
    <ele>2147.8900000000003</ele>
   </trkpt>
   <trkpt lat="46.34682" lon="11.559420000000001">
    <ele>2153.09</ele>
   </trkpt>
   <trkpt lat="46.346940000000004" lon="11.559370000000001">
    <ele>2157.74</ele>
   </trkpt>
   <trkpt lat="46.347010000000004" lon="11.55924">
    <ele>2157.74</ele>
   </trkpt>
   <trkpt lat="46.34704000000001" lon="11.55911">
    <ele>2161.3100000000004</ele>
   </trkpt>
   <trkpt lat="46.347030000000004" lon="11.558850000000001">
    <ele>2163.27</ele>
   </trkpt>
   <trkpt lat="46.346900000000005" lon="11.558570000000001">
    <ele>2163.9000000000005</ele>
   </trkpt>
   <trkpt lat="46.346940000000004" lon="11.558290000000001">
    <ele>2166.31</ele>
   </trkpt>
   <trkpt lat="46.347" lon="11.55827">
    <ele>2167.0800000000004</ele>
   </trkpt>
   <trkpt lat="46.347100000000005" lon="11.55832">
    <ele>2169.81</ele>
   </trkpt>
   <trkpt lat="46.347210000000004" lon="11.558420000000002">
    <ele>2172.8300000000004</ele>
   </trkpt>
   <trkpt lat="46.347260000000006" lon="11.558580000000001">
    <ele>2174.71</ele>
   </trkpt>
   <trkpt lat="46.34734" lon="11.558610000000002">
    <ele>2176.38</ele>
   </trkpt>
   <trkpt lat="46.34767" lon="11.5586">
    <ele>2181.5800000000004</ele>
   </trkpt>
   <trkpt lat="46.34825000000001" lon="11.558810000000001">
    <ele>2195.11</ele>
   </trkpt>
   <trkpt lat="46.34845000000001" lon="11.55883">
    <ele>2198.5</ele>
   </trkpt>
   <trkpt lat="46.34854000000001" lon="11.558860000000001">
    <ele>2202.0600000000004</ele>
   </trkpt>
   <trkpt lat="46.34864" lon="11.55907">
    <ele>2208.4900000000002</ele>
   </trkpt>
   <trkpt lat="46.34881" lon="11.55912">
    <ele>2210.9</ele>
   </trkpt>
   <trkpt lat="46.34902" lon="11.55944">
    <ele>2221.86</ele>
   </trkpt>
   <trkpt lat="46.34908" lon="11.559450000000002">
    <ele>2221.86</ele>
   </trkpt>
   <trkpt lat="46.349120000000006" lon="11.55943">
    <ele>2224.3</ele>
   </trkpt>
   <trkpt lat="46.34939000000001" lon="11.5591">
    <ele>2230.3900000000003</ele>
   </trkpt>
   <trkpt lat="46.34982" lon="11.558370000000002">
    <ele>2241.34</ele>
   </trkpt>
   <trkpt lat="46.35004000000001" lon="11.558140000000002">
    <ele>2247.16</ele>
   </trkpt>
   <trkpt lat="46.35018" lon="11.557950000000002">
    <ele>2247.16</ele>
   </trkpt>
   <trkpt lat="46.35056500037444" lon="11.557610002509243">
    <ele>2258.34</ele>
   </trkpt>
   <trkpt lat="46.350950000000005" lon="11.55727">
    <ele>2264.34</ele>
   </trkpt>
   <trkpt lat="46.35114" lon="11.557070000000001">
    <ele>2266.92</ele>
   </trkpt>
   <trkpt lat="46.35143" lon="11.55682">
    <ele>2271.58</ele>
   </trkpt>
   <trkpt lat="46.35161" lon="11.556690000000001">
    <ele>2275.22</ele>
   </trkpt>
   <trkpt lat="46.351910000000004" lon="11.55672">
    <ele>2280.04</ele>
   </trkpt>
   <trkpt lat="46.35206" lon="11.55667">
    <ele>2281.9100000000003</ele>
   </trkpt>
   <trkpt lat="46.3522" lon="11.556560000000001">
    <ele>2287.57</ele>
   </trkpt>
   <trkpt lat="46.35233" lon="11.556500000000002">
    <ele>2289.2400000000002</ele>
   </trkpt>
   <trkpt lat="46.352380000000004" lon="11.55653">
    <ele>2290.02</ele>
   </trkpt>
   <trkpt lat="46.352430000000005" lon="11.556600000000001">
    <ele>2292.25</ele>
   </trkpt>
   <trkpt lat="46.35248000000001" lon="11.55663">
    <ele>2292.25</ele>
   </trkpt>
   <trkpt lat="46.35257000000001" lon="11.556610000000001">
    <ele>2293.8900000000003</ele>
   </trkpt>
   <trkpt lat="46.35264" lon="11.55658">
    <ele>2293.8900000000003</ele>
   </trkpt>
   <trkpt lat="46.35275" lon="11.556460000000001">
    <ele>2298.5</ele>
   </trkpt>
   <trkpt lat="46.352920000000005" lon="11.556470000000001">
    <ele>2302.01</ele>
   </trkpt>
   <trkpt lat="46.353" lon="11.55644">
    <ele>2302.01</ele>
   </trkpt>
   <trkpt lat="46.353100000000005" lon="11.55634">
    <ele>2307.4</ele>
   </trkpt>
   <trkpt lat="46.35322" lon="11.55633">
    <ele>2307.4</ele>
   </trkpt>
   <trkpt lat="46.35369" lon="11.556090000000001">
    <ele>2317.18</ele>
   </trkpt>
   <trkpt lat="46.353750000000005" lon="11.55602">
    <ele>2318.33</ele>
   </trkpt>
   <trkpt lat="46.35378" lon="11.55591">
    <ele>2319.41</ele>
   </trkpt>
   <trkpt lat="46.353910000000006" lon="11.55583">
    <ele>2321.2200000000003</ele>
   </trkpt>
   <trkpt lat="46.35407000000001" lon="11.555940000000001">
    <ele>2322.7300000000005</ele>
   </trkpt>
   <trkpt lat="46.354130000000005" lon="11.555940000000001">
    <ele>2323.38</ele>
   </trkpt>
   <trkpt lat="46.354380000000006" lon="11.555850000000001">
    <ele>2328.32</ele>
   </trkpt>
   <trkpt lat="46.35448" lon="11.555840000000002">
    <ele>2329.87</ele>
   </trkpt>
   <trkpt lat="46.35465000000001" lon="11.555940000000001">
    <ele>2334.77</ele>
   </trkpt>
   <trkpt lat="46.35479" lon="11.55611">
    <ele>2345.84</ele>
   </trkpt>
   <trkpt lat="46.354960000000005" lon="11.55615">
    <ele>2349.66</ele>
   </trkpt>
   <trkpt lat="46.35517" lon="11.555990000000001">
    <ele>2357.31</ele>
   </trkpt>
   <trkpt lat="46.355140000000006" lon="11.556180000000001">
    <ele>2359.3900000000003</ele>
   </trkpt>
   <trkpt lat="46.355250000000005" lon="11.55605">
    <ele>2359.3900000000003</ele>
   </trkpt>
   <trkpt lat="46.35535" lon="11.555980000000002">
    <ele>2365.27</ele>
   </trkpt>
   <trkpt lat="46.35528" lon="11.556180000000001">
    <ele>2369.99</ele>
   </trkpt>
   <trkpt lat="46.355430000000005" lon="11.556040000000001">
    <ele>2370.9900000000002</ele>
   </trkpt>
   <trkpt lat="46.35548000000001" lon="11.555940000000001">
    <ele>2374.13</ele>
   </trkpt>
   <trkpt lat="46.35562" lon="11.555800000000001">
    <ele>2377.1400000000003</ele>
   </trkpt>
   <trkpt lat="46.355720000000005" lon="11.555670000000001">
    <ele>2380.1200000000003</ele>
   </trkpt>
   <trkpt lat="46.35575" lon="11.555660000000001">
    <ele>2380.1200000000003</ele>
   </trkpt>
   <trkpt lat="46.35578" lon="11.55583">
    <ele>2383.83</ele>
   </trkpt>
   <trkpt lat="46.355790000000006" lon="11.55602">
    <ele>2386.8500000000004</ele>
   </trkpt>
   <trkpt lat="46.355810000000005" lon="11.556000000000001">
    <ele>2386.8500000000004</ele>
   </trkpt>
   <trkpt lat="46.355940000000004" lon="11.55587">
    <ele>2391.88</ele>
   </trkpt>
   <trkpt lat="46.35604000000001" lon="11.555700000000002">
    <ele>2395.02</ele>
   </trkpt>
   <trkpt lat="46.35604000000001" lon="11.55558">
    <ele>2395.02</ele>
   </trkpt>
   <trkpt lat="46.35613" lon="11.55574">
    <ele>2395.02</ele>
   </trkpt>
   <trkpt lat="46.35618" lon="11.5555">
    <ele>2404.2000000000003</ele>
   </trkpt>
   <trkpt lat="46.356230000000004" lon="11.555420000000002">
    <ele>2405.52</ele>
   </trkpt>
   <trkpt lat="46.35627" lon="11.555420000000002">
    <ele>2405.52</ele>
   </trkpt>
   <trkpt lat="46.35629" lon="11.555530000000001">
    <ele>2406.1700000000005</ele>
   </trkpt>
   <trkpt lat="46.356370000000005" lon="11.555700000000002">
    <ele>2411.1200000000003</ele>
   </trkpt>
   <trkpt lat="46.3564" lon="11.55583">
    <ele>2411.1200000000003</ele>
   </trkpt>
   <trkpt lat="46.35638" lon="11.55605">
    <ele>2417.9000000000005</ele>
   </trkpt>
   <trkpt lat="46.356480000000005" lon="11.55596">
    <ele>2420.0099999999998</ele>
   </trkpt>
   <trkpt lat="46.356590000000004" lon="11.555900000000001">
    <ele>2422.01</ele>
   </trkpt>
   <trkpt lat="46.35672" lon="11.555790000000002">
    <ele>2426.72</ele>
   </trkpt>
   <trkpt lat="46.35676" lon="11.5556">
    <ele>2428.52</ele>
   </trkpt>
   <trkpt lat="46.356790000000004" lon="11.55563">
    <ele>2428.52</ele>
   </trkpt>
   <trkpt lat="46.35685" lon="11.55583">
    <ele>2431.69</ele>
   </trkpt>
   <trkpt lat="46.35692" lon="11.555560000000002">
    <ele>2435.95</ele>
   </trkpt>
   <trkpt lat="46.356950000000005" lon="11.5555">
    <ele>2436.7500000000005</ele>
   </trkpt>
   <trkpt lat="46.35698000000001" lon="11.555660000000001">
    <ele>2438.93</ele>
   </trkpt>
   <trkpt lat="46.35705" lon="11.555840000000002">
    <ele>2440.48</ele>
   </trkpt>
   <trkpt lat="46.357110000000006" lon="11.55568">
    <ele>2445.7400000000002</ele>
   </trkpt>
   <trkpt lat="46.35717" lon="11.555700000000002">
    <ele>2445.7400000000002</ele>
   </trkpt>
   <trkpt lat="46.357220000000005" lon="11.55592">
    <ele>2445.7400000000002</ele>
   </trkpt>
   <trkpt lat="46.35727000000001" lon="11.55588">
    <ele>2452.26</ele>
   </trkpt>
   <trkpt lat="46.35734" lon="11.55592">
    <ele>2452.26</ele>
   </trkpt>
   <trkpt lat="46.35739" lon="11.55588">
    <ele>2452.26</ele>
   </trkpt>
   <trkpt lat="46.357440000000004" lon="11.555900000000001">
    <ele>2453.17</ele>
   </trkpt>
   <trkpt lat="46.35737" lon="11.556090000000001">
    <ele>2455.32</ele>
   </trkpt>
   <trkpt lat="46.35746" lon="11.55644">
    <ele>2455.55</ele>
   </trkpt>
   <trkpt lat="46.357510000000005" lon="11.55648">
    <ele>2455.55</ele>
   </trkpt>
   <trkpt lat="46.35756000000001" lon="11.556460000000001">
    <ele>2459.77</ele>
   </trkpt>
   <trkpt lat="46.357620000000004" lon="11.556470000000001">
    <ele>2459.77</ele>
   </trkpt>
   <trkpt lat="46.35755" lon="11.55666">
    <ele>2461.9900000000002</ele>
   </trkpt>
   <trkpt lat="46.35759" lon="11.55667">
    <ele>2465.43</ele>
   </trkpt>
   <trkpt lat="46.35764" lon="11.556640000000002">
    <ele>2465.43</ele>
   </trkpt>
   <trkpt lat="46.35765000000001" lon="11.55671">
    <ele>2467.6</ele>
   </trkpt>
   <trkpt lat="46.35759" lon="11.55681">
    <ele>2468.6400000000003</ele>
   </trkpt>
   <trkpt lat="46.357670000000006" lon="11.55685">
    <ele>2470.4900000000002</ele>
   </trkpt>
   <trkpt lat="46.357760000000006" lon="11.55694">
    <ele>2472.5400000000004</ele>
   </trkpt>
   <trkpt lat="46.35812000000001" lon="11.55714">
    <ele>2477.58</ele>
   </trkpt>
   <trkpt lat="46.35831" lon="11.557160000000001">
    <ele>2480.1800000000003</ele>
   </trkpt>
   <trkpt lat="46.358540000000005" lon="11.557">
    <ele>2483.75</ele>
   </trkpt>
   <trkpt lat="46.358740000000004" lon="11.55685">
    <ele>2484.0400000000004</ele>
   </trkpt>
   <trkpt lat="46.35877000000001" lon="11.55686">
    <ele>2484.4700000000003</ele>
   </trkpt>
   <trkpt lat="46.35891" lon="11.557060000000002">
    <ele>2486.88</ele>
   </trkpt>
   <trkpt lat="46.358990000000006" lon="11.557110000000002">
    <ele>2488.92</ele>
   </trkpt>
   <trkpt lat="46.35907" lon="11.557110000000002">
    <ele>2490.92</ele>
   </trkpt>
   <trkpt lat="46.359" lon="11.55733">
    <ele>2492.44</ele>
   </trkpt>
   <trkpt lat="46.358900000000006" lon="11.557450000000001">
    <ele>2495.4900000000002</ele>
   </trkpt>
   <trkpt lat="46.35889" lon="11.557500000000001">
    <ele>2495.4900000000002</ele>
   </trkpt>
   <trkpt lat="46.358920000000005" lon="11.55755">
    <ele>2507.1600000000003</ele>
   </trkpt>
   <trkpt lat="46.35886000000001" lon="11.557670000000002">
    <ele>2514.57</ele>
   </trkpt>
   <trkpt lat="46.358810000000005" lon="11.55771">
    <ele>2517.32</ele>
   </trkpt>
   <trkpt lat="46.35878" lon="11.55784">
    <ele>2518.6200000000003</ele>
   </trkpt>
   <trkpt lat="46.35873" lon="11.55793">
    <ele>2522.4100000000003</ele>
   </trkpt>
   <trkpt lat="46.35873" lon="11.558060000000001">
    <ele>2524.84</ele>
   </trkpt>
   <trkpt lat="46.358830000000005" lon="11.558010000000001">
    <ele>2524.84</ele>
   </trkpt>
   <trkpt lat="46.35886000000001" lon="11.558090000000002">
    <ele>2538.52</ele>
   </trkpt>
   <trkpt lat="46.358900000000006" lon="11.55807">
    <ele>2538.52</ele>
   </trkpt>
   <trkpt lat="46.35893" lon="11.55817">
    <ele>2538.52</ele>
   </trkpt>
   <trkpt lat="46.358990000000006" lon="11.55813">
    <ele>2538.52</ele>
   </trkpt>
   <trkpt lat="46.35904" lon="11.55804">
    <ele>2538.52</ele>
   </trkpt>
   <trkpt lat="46.359100000000005" lon="11.55812">
    <ele>2547.13</ele>
   </trkpt>
   <trkpt lat="46.359140000000004" lon="11.558290000000001">
    <ele>2550.71</ele>
   </trkpt>
   <trkpt lat="46.3592" lon="11.558230000000002">
    <ele>2552.42</ele>
   </trkpt>
   <trkpt lat="46.35925" lon="11.55836">
    <ele>2557.32</ele>
   </trkpt>
   <trkpt lat="46.35929" lon="11.558300000000001">
    <ele>2560.4300000000003</ele>
   </trkpt>
   <trkpt lat="46.35958" lon="11.55863">
    <ele>2570.46</ele>
   </trkpt>
   <trkpt lat="46.359770000000005" lon="11.558910000000001">
    <ele>2576.1200000000003</ele>
   </trkpt>
   <trkpt lat="46.3599" lon="11.558910000000001">
    <ele>2585.9900000000002</ele>
   </trkpt>
   <trkpt lat="46.359910000000006" lon="11.55915">
    <ele>2591.84</ele>
   </trkpt>
   <trkpt lat="46.35999" lon="11.559050000000001">
    <ele>2596.28</ele>
   </trkpt>
   <trkpt lat="46.36007" lon="11.55907">
    <ele>2596.28</ele>
   </trkpt>
   <trkpt lat="46.36016" lon="11.55883">
    <ele>2602.05</ele>
   </trkpt>
   <trkpt lat="46.36023" lon="11.558850000000001">
    <ele>2606.6200000000003</ele>
   </trkpt>
   <trkpt lat="46.36027000000001" lon="11.55897">
    <ele>2608.2500000000005</ele>
   </trkpt>
   <trkpt lat="46.360260000000004" lon="11.55911">
    <ele>2611.85</ele>
   </trkpt>
   <trkpt lat="46.36048" lon="11.559040000000001">
    <ele>2621.4900000000002</ele>
   </trkpt>
   <trkpt lat="46.36055" lon="11.55921">
    <ele>2626.65</ele>
   </trkpt>
   <trkpt lat="46.36061" lon="11.559090000000001">
    <ele>2631.4</ele>
   </trkpt>
   <trkpt lat="46.360640000000004" lon="11.559130000000001">
    <ele>2633.05</ele>
   </trkpt>
   <trkpt lat="46.36068" lon="11.559030000000002">
    <ele>2636.48</ele>
   </trkpt>
   <trkpt lat="46.3607" lon="11.55925">
    <ele>2645.28</ele>
   </trkpt>
   <trkpt lat="46.36065000000001" lon="11.559370000000001">
    <ele>2645.28</ele>
   </trkpt>
   <trkpt lat="46.360620000000004" lon="11.5593">
    <ele>2648.6800000000003</ele>
   </trkpt>
   <trkpt lat="46.36059" lon="11.559370000000001">
    <ele>2650.31</ele>
   </trkpt>
   <trkpt lat="46.36061" lon="11.559500000000002">
    <ele>2653.41</ele>
   </trkpt>
   <trkpt lat="46.36056000000001" lon="11.55982">
    <ele>2659.33</ele>
   </trkpt>
   <trkpt lat="46.36063" lon="11.559830000000002">
    <ele>2661.32</ele>
   </trkpt>
   <trkpt lat="46.36061" lon="11.559930000000001">
    <ele>2662.9</ele>
   </trkpt>
   <trkpt lat="46.3607" lon="11.559890000000001">
    <ele>2663.58</ele>
   </trkpt>
   <trkpt lat="46.360780000000005" lon="11.55981">
    <ele>2663.45</ele>
   </trkpt>
   <trkpt lat="46.360820000000004" lon="11.559780000000002">
    <ele>2663.24</ele>
   </trkpt>
   <trkpt lat="46.36077" lon="11.55962">
    <ele>2662.77</ele>
   </trkpt>
   <trkpt lat="46.36097" lon="11.559410000000002">
    <ele>2663.0200000000004</ele>
   </trkpt>
   <trkpt lat="46.36103000000001" lon="11.559510000000001">
    <ele>2666.57</ele>
   </trkpt>
   <trkpt lat="46.36115" lon="11.5594">
    <ele>2670.6200000000003</ele>
   </trkpt>
   <trkpt lat="46.36113" lon="11.559330000000001">
    <ele>2671.46</ele>
   </trkpt>
   <trkpt lat="46.36117" lon="11.559270000000001">
    <ele>2672.05</ele>
   </trkpt>
   <trkpt lat="46.36124" lon="11.559310000000002">
    <ele>2671.9600000000005</ele>
   </trkpt>
   <trkpt lat="46.36130000000001" lon="11.55921">
    <ele>2670.63</ele>
   </trkpt>
   <trkpt lat="46.36135" lon="11.55924">
    <ele>2669.96</ele>
   </trkpt>
   <trkpt lat="46.36164" lon="11.559050000000001">
    <ele>2666.34</ele>
   </trkpt>
   <trkpt lat="46.36173" lon="11.559090000000001">
    <ele>2664.82</ele>
   </trkpt>
   <trkpt lat="46.36187" lon="11.559080000000002">
    <ele>2662.23</ele>
   </trkpt>
   <trkpt lat="46.361920000000005" lon="11.55916">
    <ele>2660.12</ele>
   </trkpt>
   <trkpt lat="46.36184" lon="11.559190000000001">
    <ele>2657.76</ele>
   </trkpt>
   <trkpt lat="46.36186000000001" lon="11.559220000000002">
    <ele>2657.76</ele>
   </trkpt>
   <trkpt lat="46.36202" lon="11.5592">
    <ele>2654.5</ele>
   </trkpt>
   <trkpt lat="46.362100000000005" lon="11.559270000000001">
    <ele>2652.73</ele>
   </trkpt>
   <trkpt lat="46.36218" lon="11.559280000000001">
    <ele>2650.3</ele>
   </trkpt>
   <trkpt lat="46.362210000000005" lon="11.559190000000001">
    <ele>2650.3</ele>
   </trkpt>
   <trkpt lat="46.362210000000005" lon="11.559090000000001">
    <ele>2644.6800000000003</ele>
   </trkpt>
   <trkpt lat="46.36224000000001" lon="11.558980000000002">
    <ele>2644.6800000000003</ele>
   </trkpt>
   <trkpt lat="46.36236" lon="11.558980000000002">
    <ele>2638.23</ele>
   </trkpt>
   <trkpt lat="46.36244000000001" lon="11.55906">
    <ele>2638.23</ele>
   </trkpt>
   <trkpt lat="46.36254" lon="11.5591">
    <ele>2631.53</ele>
   </trkpt>
   <trkpt lat="46.36263" lon="11.559190000000001">
    <ele>2631.53</ele>
   </trkpt>
   <trkpt lat="46.36271000000001" lon="11.55934">
    <ele>2627.86</ele>
   </trkpt>
   <trkpt lat="46.362840000000006" lon="11.559410000000002">
    <ele>2624.2</ele>
   </trkpt>
   <trkpt lat="46.362930000000006" lon="11.55957">
    <ele>2620.9300000000003</ele>
   </trkpt>
   <trkpt lat="46.363020000000006" lon="11.559550000000002">
    <ele>2620.06</ele>
   </trkpt>
   <trkpt lat="46.36298" lon="11.55968">
    <ele>2618.2200000000003</ele>
   </trkpt>
   <trkpt lat="46.363020000000006" lon="11.559790000000001">
    <ele>2616.71</ele>
   </trkpt>
   <trkpt lat="46.3629" lon="11.559940000000001">
    <ele>2615.92</ele>
   </trkpt>
   <trkpt lat="46.362790000000004" lon="11.5599">
    <ele>2615.59</ele>
   </trkpt>
   <trkpt lat="46.362790000000004" lon="11.559970000000002">
    <ele>2615.13</ele>
   </trkpt>
   <trkpt lat="46.36285" lon="11.560060000000002">
    <ele>2613.6400000000003</ele>
   </trkpt>
   <trkpt lat="46.36298" lon="11.560400000000001">
    <ele>2605.3100000000004</ele>
   </trkpt>
   <trkpt lat="46.363240000000005" lon="11.5608">
    <ele>2599.4100000000003</ele>
   </trkpt>
   <trkpt lat="46.363310000000006" lon="11.560870000000001">
    <ele>2597.03</ele>
   </trkpt>
   <trkpt lat="46.363420000000005" lon="11.561110000000001">
    <ele>2593.48</ele>
   </trkpt>
   <trkpt lat="46.36357" lon="11.56127">
    <ele>2588.7200000000003</ele>
   </trkpt>
   <trkpt lat="46.36365000000001" lon="11.561330000000002">
    <ele>2586.11</ele>
   </trkpt>
   <trkpt lat="46.363820000000004" lon="11.561430000000001">
    <ele>2582.8100000000004</ele>
   </trkpt>
   <trkpt lat="46.364000000000004" lon="11.561490000000001">
    <ele>2580.5800000000004</ele>
   </trkpt>
   <trkpt lat="46.364090000000004" lon="11.56155">
    <ele>2578.6800000000003</ele>
   </trkpt>
   <trkpt lat="46.364230000000006" lon="11.561720000000001">
    <ele>2576.27</ele>
   </trkpt>
   <trkpt lat="46.364290000000004" lon="11.56182">
    <ele>2575.6200000000003</ele>
   </trkpt>
   <trkpt lat="46.364700000000006" lon="11.561850000000002">
    <ele>2568.2400000000002</ele>
   </trkpt>
   <trkpt lat="46.36482" lon="11.561800000000002">
    <ele>2566.01</ele>
   </trkpt>
   <trkpt lat="46.36496" lon="11.56169">
    <ele>2559.75</ele>
   </trkpt>
   <trkpt lat="46.36506000000001" lon="11.56168">
    <ele>2557.73</ele>
   </trkpt>
   <trkpt lat="46.365100000000005" lon="11.56174">
    <ele>2556.95</ele>
   </trkpt>
   <trkpt lat="46.365410000000004" lon="11.561770000000001">
    <ele>2555.4900000000002</ele>
   </trkpt>
   <trkpt lat="46.365480000000005" lon="11.56183">
    <ele>2555.25</ele>
   </trkpt>
   <trkpt lat="46.365770000000005" lon="11.561750000000002">
    <ele>2552.68</ele>
   </trkpt>
   <trkpt lat="46.365840000000006" lon="11.56168">
    <ele>2552.32</ele>
   </trkpt>
   <trkpt lat="46.3661" lon="11.561630000000001">
    <ele>2551.2900000000004</ele>
   </trkpt>
   <trkpt lat="46.366220000000006" lon="11.56154">
    <ele>2550.37</ele>
   </trkpt>
   <trkpt lat="46.366400000000006" lon="11.56146">
    <ele>2550.0200000000004</ele>
   </trkpt>
   <trkpt lat="46.366440000000004" lon="11.56136">
    <ele>2550.2900000000004</ele>
   </trkpt>
   <trkpt lat="46.36643" lon="11.561160000000001">
    <ele>2550.8300000000004</ele>
   </trkpt>
   <trkpt lat="46.366460000000004" lon="11.561020000000001">
    <ele>2551.09</ele>
   </trkpt>
   <trkpt lat="46.36647000000001" lon="11.56085">
    <ele>2551.7000000000003</ele>
   </trkpt>
   <trkpt lat="46.366510000000005" lon="11.56079">
    <ele>2552.8700000000003</ele>
   </trkpt>
   <trkpt lat="46.366690000000006" lon="11.560670000000002">
    <ele>2554.67</ele>
   </trkpt>
   <trkpt lat="46.366760000000006" lon="11.560580000000002">
    <ele>2555.12</ele>
   </trkpt>
   <trkpt lat="46.36686" lon="11.56057">
    <ele>2554.9300000000003</ele>
   </trkpt>
   <trkpt lat="46.36699" lon="11.56062">
    <ele>2554.2400000000002</ele>
   </trkpt>
   <trkpt lat="46.36715" lon="11.56052">
    <ele>2555.12</ele>
   </trkpt>
   <trkpt lat="46.36717" lon="11.56051">
    <ele>2555.3700000000003</ele>
   </trkpt>
   <trkpt lat="46.36722" lon="11.560400000000001">
    <ele>2557.8100000000004</ele>
   </trkpt>
   <trkpt lat="46.36722" lon="11.560360000000001">
    <ele>2559.1700000000005</ele>
   </trkpt>
   <trkpt lat="46.367340000000006" lon="11.55999">
    <ele>2568.74</ele>
   </trkpt>
   <trkpt lat="46.36744" lon="11.55987">
    <ele>2568.74</ele>
   </trkpt>
   <trkpt lat="46.36741000000001" lon="11.55981">
    <ele>2578.3</ele>
   </trkpt>
   <trkpt lat="46.36753" lon="11.55963">
    <ele>2581.7400000000002</ele>
   </trkpt>
   <trkpt lat="46.367580000000004" lon="11.55949">
    <ele>2585.51</ele>
   </trkpt>
   <trkpt lat="46.367560000000005" lon="11.559420000000001">
    <ele>2587.5000000000005</ele>
   </trkpt>
   <trkpt lat="46.36750000000001" lon="11.559410000000002">
    <ele>2591.65</ele>
   </trkpt>
   <trkpt lat="46.36737" lon="11.55944">
    <ele>2596.06</ele>
   </trkpt>
   <trkpt lat="46.36732000000001" lon="11.559360000000002">
    <ele>2600.67</ele>
   </trkpt>
   <trkpt lat="46.367270000000005" lon="11.55938">
    <ele>2604.94</ele>
   </trkpt>
   <trkpt lat="46.36730000000001" lon="11.559270000000001">
    <ele>2606.8300000000004</ele>
   </trkpt>
   <trkpt lat="46.367380000000004" lon="11.5591">
    <ele>2613.35</ele>
   </trkpt>
   <trkpt lat="46.36731" lon="11.559090000000001">
    <ele>2614.79</ele>
   </trkpt>
   <trkpt lat="46.36732000000001" lon="11.559040000000001">
    <ele>2616.07</ele>
   </trkpt>
   <trkpt lat="46.367450000000005" lon="11.55902">
    <ele>2618.25</ele>
   </trkpt>
   <trkpt lat="46.367490000000004" lon="11.558950000000001">
    <ele>2620.2400000000002</ele>
   </trkpt>
   <trkpt lat="46.367270000000005" lon="11.558850000000001">
    <ele>2622.9300000000003</ele>
   </trkpt>
   <trkpt lat="46.36708" lon="11.55864">
    <ele>2611.4100000000003</ele>
   </trkpt>
   <trkpt lat="46.36694000000001" lon="11.558440000000001">
    <ele>2607.31</ele>
   </trkpt>
   <trkpt lat="46.36679" lon="11.558340000000001">
    <ele>2607.12</ele>
   </trkpt>
   <trkpt lat="46.366730000000004" lon="11.55817">
    <ele>2608.76</ele>
   </trkpt>
   <trkpt lat="46.36663" lon="11.55808">
    <ele>2610.1</ele>
   </trkpt>
   <trkpt lat="46.366620000000005" lon="11.55789">
    <ele>2611.4300000000003</ele>
   </trkpt>
   <trkpt lat="46.366420000000005" lon="11.55747">
    <ele>2610.2400000000002</ele>
   </trkpt>
   <trkpt lat="46.36648" lon="11.55741">
    <ele>2608.27</ele>
   </trkpt>
   <trkpt lat="46.36648" lon="11.5571">
    <ele>2601.63</ele>
   </trkpt>
   <trkpt lat="46.366620000000005" lon="11.556930000000001">
    <ele>2597.44</ele>
   </trkpt>
   <trkpt lat="46.366780000000006" lon="11.556830000000001">
    <ele>2595.51</ele>
   </trkpt>
   <trkpt lat="46.36712000000001" lon="11.55652">
    <ele>2589.62</ele>
   </trkpt>
   <trkpt lat="46.3674" lon="11.55635">
    <ele>2587.39</ele>
   </trkpt>
   <trkpt lat="46.367670000000004" lon="11.5561">
    <ele>2588.69</ele>
   </trkpt>
   <trkpt lat="46.367700000000006" lon="11.55591">
    <ele>2590.65</ele>
   </trkpt>
   <trkpt lat="46.36768000000001" lon="11.555750000000002">
    <ele>2591.0200000000004</ele>
   </trkpt>
   <trkpt lat="46.36773" lon="11.5556">
    <ele>2591.31</ele>
   </trkpt>
   <trkpt lat="46.367900000000006" lon="11.555610000000001">
    <ele>2591.28</ele>
   </trkpt>
   <trkpt lat="46.36822" lon="11.55549">
    <ele>2587.13</ele>
   </trkpt>
   <trkpt lat="46.368280000000006" lon="11.555370000000002">
    <ele>2585.05</ele>
   </trkpt>
   <trkpt lat="46.368370000000006" lon="11.555370000000002">
    <ele>2583.8900000000003</ele>
   </trkpt>
   <trkpt lat="46.36849" lon="11.55546">
    <ele>2583.34</ele>
   </trkpt>
   <trkpt lat="46.368590000000005" lon="11.555370000000002">
    <ele>2584.09</ele>
   </trkpt>
   <trkpt lat="46.36867" lon="11.555370000000002">
    <ele>2584.3</ele>
   </trkpt>
   <trkpt lat="46.36874" lon="11.555330000000001">
    <ele>2584.34</ele>
   </trkpt>
   <trkpt lat="46.368840000000006" lon="11.555100000000001">
    <ele>2582.8100000000004</ele>
   </trkpt>
   <trkpt lat="46.369260000000004" lon="11.554620000000002">
    <ele>2571.28</ele>
   </trkpt>
   <trkpt lat="46.36938000000001" lon="11.554250000000001">
    <ele>2566.2400000000002</ele>
   </trkpt>
   <trkpt lat="46.36952" lon="11.55422">
    <ele>2566.4</ele>
   </trkpt>
   <trkpt lat="46.36952" lon="11.554160000000001">
    <ele>2566.4</ele>
   </trkpt>
   <trkpt lat="46.369620000000005" lon="11.55422">
    <ele>2567.7700000000004</ele>
   </trkpt>
   <trkpt lat="46.36986" lon="11.554310000000001">
    <ele>2562.4300000000003</ele>
   </trkpt>
   <trkpt lat="46.36997" lon="11.554310000000001">
    <ele>2559.52</ele>
   </trkpt>
   <trkpt lat="46.37013" lon="11.55438">
    <ele>2554.3</ele>
   </trkpt>
   <trkpt lat="46.370140000000006" lon="11.554350000000001">
    <ele>2554.3</ele>
   </trkpt>
   <trkpt lat="46.37012000000001" lon="11.55427">
    <ele>2548.44</ele>
   </trkpt>
   <trkpt lat="46.37004" lon="11.554170000000001">
    <ele>2544.69</ele>
   </trkpt>
   <trkpt lat="46.36997" lon="11.554010000000002">
    <ele>2541.25</ele>
   </trkpt>
   <trkpt lat="46.37001" lon="11.553920000000002">
    <ele>2538.17</ele>
   </trkpt>
   <trkpt lat="46.37012000000001" lon="11.554020000000001">
    <ele>2533.7599999999998</ele>
   </trkpt>
   <trkpt lat="46.37023000000001" lon="11.553980000000001">
    <ele>2528.78</ele>
   </trkpt>
   <trkpt lat="46.370270000000005" lon="11.553830000000001">
    <ele>2522.38</ele>
   </trkpt>
   <trkpt lat="46.370340000000006" lon="11.55385">
    <ele>2522.38</ele>
   </trkpt>
   <trkpt lat="46.37041000000001" lon="11.553820000000002">
    <ele>2518.72</ele>
   </trkpt>
   <trkpt lat="46.37037" lon="11.55366">
    <ele>2510.4100000000003</ele>
   </trkpt>
   <trkpt lat="46.370290000000004" lon="11.55357">
    <ele>2508.4600000000005</ele>
   </trkpt>
   <trkpt lat="46.37028" lon="11.553490000000002">
    <ele>2506.6200000000003</ele>
   </trkpt>
   <trkpt lat="46.37037" lon="11.553350000000002">
    <ele>2501.73</ele>
   </trkpt>
   <trkpt lat="46.37050000000001" lon="11.55334">
    <ele>2498.75</ele>
   </trkpt>
   <trkpt lat="46.37051" lon="11.553310000000002">
    <ele>2498.75</ele>
   </trkpt>
   <trkpt lat="46.370200000000004" lon="11.553">
    <ele>2484.7000000000003</ele>
   </trkpt>
   <trkpt lat="46.37022" lon="11.55287">
    <ele>2482.99</ele>
   </trkpt>
   <trkpt lat="46.37013" lon="11.55278">
    <ele>2482.19</ele>
   </trkpt>
   <trkpt lat="46.37012000000001" lon="11.55269">
    <ele>2481.98</ele>
   </trkpt>
   <trkpt lat="46.37006" lon="11.552600000000002">
    <ele>2481.52</ele>
   </trkpt>
   <trkpt lat="46.370250000000006" lon="11.552560000000001">
    <ele>2477.3</ele>
   </trkpt>
   <trkpt lat="46.37026" lon="11.552470000000001">
    <ele>2475.57</ele>
   </trkpt>
   <trkpt lat="46.37012000000001" lon="11.552370000000002">
    <ele>2468.13</ele>
   </trkpt>
   <trkpt lat="46.3701" lon="11.552280000000001">
    <ele>2466.5000000000005</ele>
   </trkpt>
   <trkpt lat="46.37024" lon="11.552240000000001">
    <ele>2461.98</ele>
   </trkpt>
   <trkpt lat="46.37033" lon="11.551990000000002">
    <ele>2454.3700000000003</ele>
   </trkpt>
   <trkpt lat="46.370380000000004" lon="11.551960000000001">
    <ele>2452.9900000000002</ele>
   </trkpt>
   <trkpt lat="46.370450000000005" lon="11.551850000000002">
    <ele>2450.57</ele>
   </trkpt>
   <trkpt lat="46.37057" lon="11.551770000000001">
    <ele>2448.63</ele>
   </trkpt>
   <trkpt lat="46.37068000000001" lon="11.551630000000001">
    <ele>2444.32</ele>
   </trkpt>
   <trkpt lat="46.37068000000001" lon="11.551590000000001">
    <ele>2444.32</ele>
   </trkpt>
   <trkpt lat="46.37062" lon="11.55151">
    <ele>2443.56</ele>
   </trkpt>
   <trkpt lat="46.37068000000001" lon="11.551250000000001">
    <ele>2440.36</ele>
   </trkpt>
   <trkpt lat="46.370810000000006" lon="11.551050000000002">
    <ele>2435.2599999999998</ele>
   </trkpt>
   <trkpt lat="46.371050000000004" lon="11.550740000000001">
    <ele>2430.81</ele>
   </trkpt>
   <trkpt lat="46.37118" lon="11.550490000000002">
    <ele>2425.05</ele>
   </trkpt>
   <trkpt lat="46.37124000000001" lon="11.550350000000002">
    <ele>2421.76</ele>
   </trkpt>
   <trkpt lat="46.37133" lon="11.55">
    <ele>2411.67</ele>
   </trkpt>
   <trkpt lat="46.371500000000005" lon="11.54959">
    <ele>2399.1200000000003</ele>
   </trkpt>
   <trkpt lat="46.37181" lon="11.54939">
    <ele>2391.96</ele>
   </trkpt>
   <trkpt lat="46.37192" lon="11.549180000000002">
    <ele>2389.92</ele>
   </trkpt>
   <trkpt lat="46.37192" lon="11.549140000000001">
    <ele>2385.2999999999997</ele>
   </trkpt>
   <trkpt lat="46.371880000000004" lon="11.54912">
    <ele>2385.2999999999997</ele>
   </trkpt>
   <trkpt lat="46.37163" lon="11.549140000000001">
    <ele>2379.4900000000002</ele>
   </trkpt>
   <trkpt lat="46.37147" lon="11.549290000000001">
    <ele>2375.34</ele>
   </trkpt>
   <trkpt lat="46.371460000000006" lon="11.549190000000001">
    <ele>2370.9500000000003</ele>
   </trkpt>
   <trkpt lat="46.37153000000001" lon="11.548950000000001">
    <ele>2364.1400000000003</ele>
   </trkpt>
   <trkpt lat="46.371640000000006" lon="11.54892">
    <ele>2362.73</ele>
   </trkpt>
   <trkpt lat="46.371680000000005" lon="11.54883">
    <ele>2359.6400000000003</ele>
   </trkpt>
   <trkpt lat="46.37192" lon="11.54856">
    <ele>2347.0600000000004</ele>
   </trkpt>
   <trkpt lat="46.371860000000005" lon="11.5485">
    <ele>2345.38</ele>
   </trkpt>
   <trkpt lat="46.37191000000001" lon="11.548470000000002">
    <ele>2342.5200000000004</ele>
   </trkpt>
   <trkpt lat="46.37183" lon="11.54842">
    <ele>2339.9700000000003</ele>
   </trkpt>
   <trkpt lat="46.371790000000004" lon="11.548330000000002">
    <ele>2338.65</ele>
   </trkpt>
   <trkpt lat="46.371950000000005" lon="11.548110000000001">
    <ele>2330.35</ele>
   </trkpt>
   <trkpt lat="46.37209000000001" lon="11.548010000000001">
    <ele>2323.56</ele>
   </trkpt>
   <trkpt lat="46.372260000000004" lon="11.54794">
    <ele>2317.8300000000004</ele>
   </trkpt>
   <trkpt lat="46.37220000000001" lon="11.547860000000002">
    <ele>2311.25</ele>
   </trkpt>
   <trkpt lat="46.37216" lon="11.547770000000002">
    <ele>2311.25</ele>
   </trkpt>
   <trkpt lat="46.372080000000004" lon="11.547780000000001">
    <ele>2308.1800000000003</ele>
   </trkpt>
   <trkpt lat="46.37196" lon="11.54767">
    <ele>2304.09</ele>
   </trkpt>
   <trkpt lat="46.37228" lon="11.54762">
    <ele>2293.38</ele>
   </trkpt>
   <trkpt lat="46.37227" lon="11.547580000000002">
    <ele>2291.69</ele>
   </trkpt>
   <trkpt lat="46.37219" lon="11.54751">
    <ele>2288.0200000000004</ele>
   </trkpt>
   <trkpt lat="46.37234" lon="11.54738">
    <ele>2277.72</ele>
   </trkpt>
   <trkpt lat="46.3725" lon="11.547260000000001">
    <ele>2268.9</ele>
   </trkpt>
   <trkpt lat="46.37261" lon="11.5472">
    <ele>2264.58</ele>
   </trkpt>
   <trkpt lat="46.37275" lon="11.54718">
    <ele>2258.41</ele>
   </trkpt>
   <trkpt lat="46.37286" lon="11.547110000000002">
    <ele>2254.51</ele>
   </trkpt>
   <trkpt lat="46.372870000000006" lon="11.54705">
    <ele>2254.51</ele>
   </trkpt>
   <trkpt lat="46.37297" lon="11.54704">
    <ele>2250.9100000000003</ele>
   </trkpt>
   <trkpt lat="46.372980000000005" lon="11.546990000000001">
    <ele>2250.9100000000003</ele>
   </trkpt>
   <trkpt lat="46.37312000000001" lon="11.546980000000001">
    <ele>2240.59</ele>
   </trkpt>
   <trkpt lat="46.373200000000004" lon="11.5469">
    <ele>2240.59</ele>
   </trkpt>
   <trkpt lat="46.373290000000004" lon="11.5469">
    <ele>2240.59</ele>
   </trkpt>
   <trkpt lat="46.37337" lon="11.54686">
    <ele>2229.42</ele>
   </trkpt>
   <trkpt lat="46.373490000000004" lon="11.54672">
    <ele>2226.28</ele>
   </trkpt>
   <trkpt lat="46.373580000000004" lon="11.546690000000002">
    <ele>2223.28</ele>
   </trkpt>
   <trkpt lat="46.37369" lon="11.546560000000001">
    <ele>2218.92</ele>
   </trkpt>
   <trkpt lat="46.37362" lon="11.54648">
    <ele>2217.5200000000004</ele>
   </trkpt>
   <trkpt lat="46.37357" lon="11.546470000000001">
    <ele>2214.8700000000003</ele>
   </trkpt>
   <trkpt lat="46.373520000000006" lon="11.546420000000001">
    <ele>2212.4100000000003</ele>
   </trkpt>
   <trkpt lat="46.373400000000004" lon="11.54635">
    <ele>2211.26</ele>
   </trkpt>
   <trkpt lat="46.37324" lon="11.546270000000002">
    <ele>2205.5299999999997</ele>
   </trkpt>
   <trkpt lat="46.37314000000001" lon="11.546270000000002">
    <ele>2202.8</ele>
   </trkpt>
   <trkpt lat="46.37313" lon="11.54625">
    <ele>2202.8</ele>
   </trkpt>
   <trkpt lat="46.37323000000001" lon="11.54612">
    <ele>2201.3100000000004</ele>
   </trkpt>
   <trkpt lat="46.37322" lon="11.546100000000001">
    <ele>2193.7000000000003</ele>
   </trkpt>
   <trkpt lat="46.37306" lon="11.54602">
    <ele>2190.9100000000003</ele>
   </trkpt>
   <trkpt lat="46.372930000000004" lon="11.54583">
    <ele>2187.4700000000003</ele>
   </trkpt>
   <trkpt lat="46.37275" lon="11.54578">
    <ele>2182.21</ele>
   </trkpt>
   <trkpt lat="46.372710000000005" lon="11.54568">
    <ele>2179.82</ele>
   </trkpt>
   <trkpt lat="46.37266" lon="11.54564">
    <ele>2178.52</ele>
   </trkpt>
   <trkpt lat="46.37265000000001" lon="11.545580000000001">
    <ele>2177.13</ele>
   </trkpt>
   <trkpt lat="46.37259" lon="11.545490000000001">
    <ele>2175.65</ele>
   </trkpt>
   <trkpt lat="46.37263" lon="11.545440000000001">
    <ele>2175.65</ele>
   </trkpt>
   <trkpt lat="46.37263" lon="11.545390000000001">
    <ele>2167.77</ele>
   </trkpt>
   <trkpt lat="46.37254" lon="11.545350000000001">
    <ele>2167.77</ele>
   </trkpt>
   <trkpt lat="46.37248" lon="11.545250000000001">
    <ele>2166.3</ele>
   </trkpt>
   <trkpt lat="46.372580000000006" lon="11.54521">
    <ele>2162.1200000000003</ele>
   </trkpt>
   <trkpt lat="46.37263" lon="11.54523">
    <ele>2162.1200000000003</ele>
   </trkpt>
   <trkpt lat="46.372800000000005" lon="11.54508">
    <ele>2153.56</ele>
   </trkpt>
   <trkpt lat="46.372980000000005" lon="11.544970000000001">
    <ele>2149.8700000000003</ele>
   </trkpt>
   <trkpt lat="46.372960000000006" lon="11.54493">
    <ele>2149.8700000000003</ele>
   </trkpt>
   <trkpt lat="46.37286" lon="11.544880000000001">
    <ele>2144.32</ele>
   </trkpt>
   <trkpt lat="46.372710000000005" lon="11.54462">
    <ele>2136.01</ele>
   </trkpt>
   <trkpt lat="46.37263" lon="11.54456">
    <ele>2134.4800000000005</ele>
   </trkpt>
   <trkpt lat="46.372600000000006" lon="11.544490000000001">
    <ele>2131.1</ele>
   </trkpt>
   <trkpt lat="46.37263" lon="11.54446">
    <ele>2131.1</ele>
   </trkpt>
   <trkpt lat="46.37259" lon="11.544450000000001">
    <ele>2131.1</ele>
   </trkpt>
   <trkpt lat="46.37256000000001" lon="11.544340000000002">
    <ele>2125.5800000000004</ele>
   </trkpt>
   <trkpt lat="46.372460000000004" lon="11.54419">
    <ele>2121.17</ele>
   </trkpt>
   <trkpt lat="46.372440000000005" lon="11.544170000000001">
    <ele>2121.17</ele>
   </trkpt>
   <trkpt lat="46.37236" lon="11.544110000000002">
    <ele>2118.36</ele>
   </trkpt>
   <trkpt lat="46.37234" lon="11.544070000000001">
    <ele>2118.36</ele>
   </trkpt>
   <trkpt lat="46.37218000000001" lon="11.54401">
    <ele>2116.3700000000003</ele>
   </trkpt>
   <trkpt lat="46.372150000000005" lon="11.54405">
    <ele>2116.3700000000003</ele>
   </trkpt>
   <trkpt lat="46.372040000000005" lon="11.544110000000002">
    <ele>2117.53</ele>
   </trkpt>
   <trkpt lat="46.371930000000006" lon="11.544070000000001">
    <ele>2117.9300000000003</ele>
   </trkpt>
   <trkpt lat="46.37181" lon="11.544080000000001">
    <ele>2117.82</ele>
   </trkpt>
   <trkpt lat="46.371770000000005" lon="11.5441">
    <ele>2117.48</ele>
   </trkpt>
   <trkpt lat="46.371680000000005" lon="11.544200000000002">
    <ele>2115.6</ele>
   </trkpt>
   <trkpt lat="46.37147" lon="11.544500000000001">
    <ele>2113.2500000000005</ele>
   </trkpt>
   <trkpt lat="46.371300000000005" lon="11.5446">
    <ele>2112.94</ele>
   </trkpt>
   <trkpt lat="46.371140000000004" lon="11.544630000000002">
    <ele>2112.9100000000003</ele>
   </trkpt>
   <trkpt lat="46.370810000000006" lon="11.544640000000001">
    <ele>2112.38</ele>
   </trkpt>
   <trkpt lat="46.37069" lon="11.5447">
    <ele>2112.38</ele>
   </trkpt>
   <trkpt lat="46.37059000000001" lon="11.544680000000001">
    <ele>2112.52</ele>
   </trkpt>
   <trkpt lat="46.37046" lon="11.544880000000001">
    <ele>2113.2200000000003</ele>
   </trkpt>
   <trkpt lat="46.370360000000005" lon="11.544880000000001">
    <ele>2113.78</ele>
   </trkpt>
   <trkpt lat="46.37028" lon="11.544960000000001">
    <ele>2114.64</ele>
   </trkpt>
   <trkpt lat="46.37017" lon="11.54493">
    <ele>2116.4700000000003</ele>
   </trkpt>
   <trkpt lat="46.37008" lon="11.54498">
    <ele>2117.98</ele>
   </trkpt>
   <trkpt lat="46.37004" lon="11.54527">
    <ele>2121.42</ele>
   </trkpt>
   <trkpt lat="46.36992" lon="11.545330000000002">
    <ele>2122.37</ele>
   </trkpt>
   <trkpt lat="46.369800000000005" lon="11.545280000000002">
    <ele>2127.37</ele>
   </trkpt>
   <trkpt lat="46.36977" lon="11.545300000000001">
    <ele>2128.28</ele>
   </trkpt>
   <trkpt lat="46.36975" lon="11.545250000000001">
    <ele>2129.1000000000004</ele>
   </trkpt>
   <trkpt lat="46.36961" lon="11.54517">
    <ele>2130.56</ele>
   </trkpt>
   <trkpt lat="46.369460000000004" lon="11.545470000000002">
    <ele>2135.2000000000003</ele>
   </trkpt>
   <trkpt lat="46.36938000000001" lon="11.54554">
    <ele>2136.6400000000003</ele>
   </trkpt>
   <trkpt lat="46.36914" lon="11.54565">
    <ele>2139.92</ele>
   </trkpt>
   <trkpt lat="46.36894" lon="11.54554">
    <ele>2145.33</ele>
   </trkpt>
   <trkpt lat="46.36854" lon="11.545420000000002">
    <ele>2149.67</ele>
   </trkpt>
   <trkpt lat="46.368460000000006" lon="11.545430000000001">
    <ele>2149.95</ele>
   </trkpt>
   <trkpt lat="46.368120000000005" lon="11.545300000000001">
    <ele>2146.9</ele>
   </trkpt>
   <trkpt lat="46.36802" lon="11.54531">
    <ele>2145.29</ele>
   </trkpt>
   <trkpt lat="46.367960000000004" lon="11.545350000000001">
    <ele>2145.29</ele>
   </trkpt>
   <trkpt lat="46.367900000000006" lon="11.54546">
    <ele>2143.55</ele>
   </trkpt>
   <trkpt lat="46.367850000000004" lon="11.54546">
    <ele>2143.0200000000004</ele>
   </trkpt>
   <trkpt lat="46.36778" lon="11.545280000000002">
    <ele>2141.8500000000004</ele>
   </trkpt>
   <trkpt lat="46.367610000000006" lon="11.545060000000001">
    <ele>2141.76</ele>
   </trkpt>
   <trkpt lat="46.367520000000006" lon="11.545000000000002">
    <ele>2142.49</ele>
   </trkpt>
   <trkpt lat="46.36741000000001" lon="11.544970000000001">
    <ele>2144.54</ele>
   </trkpt>
   <trkpt lat="46.36731" lon="11.545020000000001">
    <ele>2147.1</ele>
   </trkpt>
   <trkpt lat="46.367020000000004" lon="11.545020000000001">
    <ele>2151.79</ele>
   </trkpt>
   <trkpt lat="46.3669" lon="11.54504">
    <ele>2152.7400000000002</ele>
   </trkpt>
   <trkpt lat="46.366780000000006" lon="11.54509">
    <ele>2153.6400000000003</ele>
   </trkpt>
   <trkpt lat="46.366640000000004" lon="11.54509">
    <ele>2153.9700000000003</ele>
   </trkpt>
   <trkpt lat="46.36648" lon="11.54512">
    <ele>2153.75</ele>
   </trkpt>
   <trkpt lat="46.366350000000004" lon="11.54507">
    <ele>2154.03</ele>
   </trkpt>
   <trkpt lat="46.36618000000001" lon="11.54504">
    <ele>2155.5600000000004</ele>
   </trkpt>
   <trkpt lat="46.366020000000006" lon="11.545100000000001">
    <ele>2157.17</ele>
   </trkpt>
   <trkpt lat="46.365880000000004" lon="11.54509">
    <ele>2160.4400000000005</ele>
   </trkpt>
   <trkpt lat="46.36576" lon="11.545160000000001">
    <ele>2161.56</ele>
   </trkpt>
   <trkpt lat="46.36565" lon="11.54517">
    <ele>2162.5</ele>
   </trkpt>
   <trkpt lat="46.36556" lon="11.54521">
    <ele>2163.65</ele>
   </trkpt>
   <trkpt lat="46.36547" lon="11.545330000000002">
    <ele>2164.31</ele>
   </trkpt>
   <trkpt lat="46.36544000000001" lon="11.545390000000001">
    <ele>2164.1600000000003</ele>
   </trkpt>
   <trkpt lat="46.36535000000001" lon="11.545720000000001">
    <ele>2161.6600000000003</ele>
   </trkpt>
   <trkpt lat="46.36538" lon="11.545890000000002">
    <ele>2159.7000000000003</ele>
   </trkpt>
   <trkpt lat="46.36533000000001" lon="11.546470000000001">
    <ele>2151.9000000000005</ele>
   </trkpt>
   <trkpt lat="46.36527" lon="11.546840000000001">
    <ele>2143.75</ele>
   </trkpt>
   <trkpt lat="46.365210000000005" lon="11.547">
    <ele>2143.75</ele>
   </trkpt>
   <trkpt lat="46.365210000000005" lon="11.547220000000001">
    <ele>2140.5800000000004</ele>
   </trkpt>
   <trkpt lat="46.36515000000001" lon="11.547460000000001">
    <ele>2138.31</ele>
   </trkpt>
   <trkpt lat="46.365100000000005" lon="11.54751">
    <ele>2137.9100000000003</ele>
   </trkpt>
   <trkpt lat="46.36502" lon="11.54752">
    <ele>2137.36</ele>
   </trkpt>
   <trkpt lat="46.36489" lon="11.547640000000001">
    <ele>2136.8</ele>
   </trkpt>
   <trkpt lat="46.36477000000001" lon="11.54767">
    <ele>2136.09</ele>
   </trkpt>
   <trkpt lat="46.36448" lon="11.547690000000001">
    <ele>2133.8700000000003</ele>
   </trkpt>
   <trkpt lat="46.36449" lon="11.54751">
    <ele>2132.18</ele>
   </trkpt>
   <trkpt lat="46.36446" lon="11.547020000000002">
    <ele>2123.33</ele>
   </trkpt>
   <trkpt lat="46.36448" lon="11.546240000000001">
    <ele>2114.17</ele>
   </trkpt>
   <trkpt lat="46.36455" lon="11.545990000000002">
    <ele>2111.76</ele>
   </trkpt>
   <trkpt lat="46.364540000000005" lon="11.54592">
    <ele>2111.12</ele>
   </trkpt>
   <trkpt lat="46.36451" lon="11.54588">
    <ele>2110.42</ele>
   </trkpt>
   <trkpt lat="46.364470000000004" lon="11.54587">
    <ele>2109.6700000000005</ele>
   </trkpt>
   <trkpt lat="46.364320000000006" lon="11.54597">
    <ele>2106.28</ele>
   </trkpt>
   <trkpt lat="46.363710000000005" lon="11.545810000000001">
    <ele>2093.69</ele>
   </trkpt>
   <trkpt lat="46.36352" lon="11.54551">
    <ele>2088.27</ele>
   </trkpt>
   <trkpt lat="46.36341" lon="11.545430000000001">
    <ele>2086.56</ele>
   </trkpt>
   <trkpt lat="46.36319" lon="11.545330000000002">
    <ele>2082.4100000000003</ele>
   </trkpt>
   <trkpt lat="46.363060000000004" lon="11.545200000000001">
    <ele>2078.84</ele>
   </trkpt>
   <trkpt lat="46.362840000000006" lon="11.544910000000002">
    <ele>2072.2400000000002</ele>
   </trkpt>
   <trkpt lat="46.36263" lon="11.544720000000002">
    <ele>2067.4100000000003</ele>
   </trkpt>
   <trkpt lat="46.36256" lon="11.5446">
    <ele>2066.0000000000005</ele>
   </trkpt>
   <trkpt lat="46.36247" lon="11.544390000000002">
    <ele>2064.2400000000002</ele>
   </trkpt>
   <trkpt lat="46.36234" lon="11.54418">
    <ele>2061.7200000000003</ele>
   </trkpt>
   <trkpt lat="46.36225" lon="11.544120000000001">
    <ele>2060.5200000000004</ele>
   </trkpt>
   <trkpt lat="46.36215000000001" lon="11.544110000000002">
    <ele>2058.38</ele>
   </trkpt>
   <trkpt lat="46.361940000000004" lon="11.544260000000001">
    <ele>2054.2000000000003</ele>
   </trkpt>
   <trkpt lat="46.361380000000004" lon="11.54452">
    <ele>2044.5800000000002</ele>
   </trkpt>
   <trkpt lat="46.361250000000005" lon="11.544530000000002">
    <ele>2042.51</ele>
   </trkpt>
   <trkpt lat="46.36106" lon="11.54447">
    <ele>2038.2600000000002</ele>
   </trkpt>
   <trkpt lat="46.36065000000001" lon="11.54428">
    <ele>2034.2900000000004</ele>
   </trkpt>
   <trkpt lat="46.3603" lon="11.544070000000001">
    <ele>2028.6</ele>
   </trkpt>
   <trkpt lat="46.36012" lon="11.543880000000001">
    <ele>2025.8800000000003</ele>
   </trkpt>
   <trkpt lat="46.359770000000005" lon="11.543640000000002">
    <ele>2023.0</ele>
   </trkpt>
   <trkpt lat="46.359680000000004" lon="11.543550000000002">
    <ele>2016.1700000000003</ele>
   </trkpt>
   <trkpt lat="46.359550000000006" lon="11.543280000000001">
    <ele>2016.1700000000003</ele>
   </trkpt>
   <trkpt lat="46.35942000000001" lon="11.543090000000001">
    <ele>2011.8300000000002</ele>
   </trkpt>
   <trkpt lat="46.35915000000001" lon="11.54277">
    <ele>2005.6000000000001</ele>
   </trkpt>
   <trkpt lat="46.35895000000001" lon="11.542610000000002">
    <ele>1999.41</ele>
   </trkpt>
   <trkpt lat="46.35873" lon="11.542530000000001">
    <ele>1996.8500000000001</ele>
   </trkpt>
   <trkpt lat="46.35849" lon="11.542470000000002">
    <ele>1992.6500000000003</ele>
   </trkpt>
   <trkpt lat="46.358230000000006" lon="11.542510000000002">
    <ele>1990.4700000000003</ele>
   </trkpt>
   <trkpt lat="46.35813" lon="11.5425">
    <ele>1989.5800000000002</ele>
   </trkpt>
   <trkpt lat="46.35803000000001" lon="11.54245">
    <ele>1988.19</ele>
   </trkpt>
   <trkpt lat="46.357940000000006" lon="11.542380000000001">
    <ele>1988.19</ele>
   </trkpt>
   <trkpt lat="46.35777" lon="11.542330000000002">
    <ele>1986.7500000000002</ele>
   </trkpt>
   <trkpt lat="46.35723" lon="11.54231">
    <ele>1981.8700000000001</ele>
   </trkpt>
   <trkpt lat="46.357110000000006" lon="11.54227">
    <ele>1981.8700000000001</ele>
   </trkpt>
   <trkpt lat="46.35701" lon="11.54221">
    <ele>1978.5100000000002</ele>
   </trkpt>
   <trkpt lat="46.356860000000005" lon="11.54203">
    <ele>1978.5100000000002</ele>
   </trkpt>
   <trkpt lat="46.356750000000005" lon="11.54179">
    <ele>1976.1800000000003</ele>
   </trkpt>
   <trkpt lat="46.35658" lon="11.541590000000001">
    <ele>1974.2800000000002</ele>
   </trkpt>
   <trkpt lat="46.35645" lon="11.54133">
    <ele>1972.2700000000002</ele>
   </trkpt>
   <trkpt lat="46.35642000000001" lon="11.5411">
    <ele>1969.78</ele>
   </trkpt>
   <trkpt lat="46.356370000000005" lon="11.540880000000001">
    <ele>1968.1000000000001</ele>
   </trkpt>
   <trkpt lat="46.356280000000005" lon="11.54067">
    <ele>1966.56</ele>
   </trkpt>
   <trkpt lat="46.356300000000005" lon="11.540610000000001">
    <ele>1966.32</ele>
   </trkpt>
   <trkpt lat="46.35613" lon="11.54049">
    <ele>1967.2900000000002</ele>
   </trkpt>
   <trkpt lat="46.355650000000004" lon="11.540550000000001">
    <ele>1972.6100000000001</ele>
   </trkpt>
   <trkpt lat="46.355430000000005" lon="11.540510000000001">
    <ele>1975.6100000000001</ele>
   </trkpt>
   <trkpt lat="46.3552" lon="11.54043">
    <ele>1979.2500000000002</ele>
   </trkpt>
   <trkpt lat="46.35501000000001" lon="11.540320000000001">
    <ele>1979.2500000000002</ele>
   </trkpt>
   <trkpt lat="46.354530000000004" lon="11.53987">
    <ele>1985.95</ele>
   </trkpt>
   <trkpt lat="46.354260000000004" lon="11.539700000000002">
    <ele>1988.3400000000001</ele>
   </trkpt>
   <trkpt lat="46.3541" lon="11.53963">
    <ele>1990.93</ele>
   </trkpt>
   <trkpt lat="46.35409000000001" lon="11.53963">
    <ele>1990.9500000000003</ele>
   </trkpt>
   <trkpt lat="46.353950000000005" lon="11.539670000000001">
    <ele>1992.01</ele>
   </trkpt>
   <trkpt lat="46.353820000000006" lon="11.539800000000001">
    <ele>1993.2200000000003</ele>
   </trkpt>
   <trkpt lat="46.35369" lon="11.54002">
    <ele>1994.02</ele>
   </trkpt>
   <trkpt lat="46.35347" lon="11.540470000000001">
    <ele>1993.91</ele>
   </trkpt>
   <trkpt lat="46.35334" lon="11.540690000000001">
    <ele>1993.41</ele>
   </trkpt>
   <trkpt lat="46.353260000000006" lon="11.540790000000001">
    <ele>1993.42</ele>
   </trkpt>
   <trkpt lat="46.352970000000006" lon="11.54104">
    <ele>1994.6100000000001</ele>
   </trkpt>
   <trkpt lat="46.352810000000005" lon="11.54124">
    <ele>1995.0200000000002</ele>
   </trkpt>
   <trkpt lat="46.352340000000005" lon="11.54202">
    <ele>1995.21</ele>
   </trkpt>
   <trkpt lat="46.352050000000006" lon="11.542440000000001">
    <ele>1995.66</ele>
   </trkpt>
   <trkpt lat="46.351960000000005" lon="11.542700000000002">
    <ele>1995.69</ele>
   </trkpt>
   <trkpt lat="46.351870000000005" lon="11.54334">
    <ele>1993.4900000000002</ele>
   </trkpt>
   <trkpt lat="46.351800000000004" lon="11.543470000000001">
    <ele>1993.2</ele>
   </trkpt>
   <trkpt lat="46.35166" lon="11.543640000000002">
    <ele>1993.4600000000003</ele>
   </trkpt>
   <trkpt lat="46.351530000000004" lon="11.543890000000001">
    <ele>1994.5900000000001</ele>
   </trkpt>
   <trkpt lat="46.35143" lon="11.54418">
    <ele>1994.5900000000001</ele>
   </trkpt>
   <trkpt lat="46.35137" lon="11.54451">
    <ele>1994.16</ele>
   </trkpt>
   <trkpt lat="46.35121" lon="11.54484">
    <ele>1994.0000000000002</ele>
   </trkpt>
   <trkpt lat="46.351150000000004" lon="11.54512">
    <ele>1993.39</ele>
   </trkpt>
   <trkpt lat="46.351060000000004" lon="11.54537">
    <ele>1994.08</ele>
   </trkpt>
   <trkpt lat="46.35085" lon="11.545670000000001">
    <ele>1995.6000000000001</ele>
   </trkpt>
   <trkpt lat="46.35069000000001" lon="11.545960000000001">
    <ele>1996.66</ele>
   </trkpt>
   <trkpt lat="46.35038" lon="11.546650000000001">
    <ele>1997.8700000000001</ele>
   </trkpt>
   <trkpt lat="46.35025" lon="11.54691">
    <ele>1998.4400000000003</ele>
   </trkpt>
   <trkpt lat="46.34978" lon="11.54757">
    <ele>2000.3500000000001</ele>
   </trkpt>
   <trkpt lat="46.34973" lon="11.547300000000002">
    <ele>1998.1000000000001</ele>
   </trkpt>
   <trkpt lat="46.34967" lon="11.547160000000002">
    <ele>1995.5900000000001</ele>
   </trkpt>
   <trkpt lat="46.34953" lon="11.54695">
    <ele>1991.0</ele>
   </trkpt>
   <trkpt lat="46.3492" lon="11.54663">
    <ele>1983.7300000000002</ele>
   </trkpt>
   <trkpt lat="46.349090000000004" lon="11.54648">
    <ele>1983.7300000000002</ele>
   </trkpt>
   <trkpt lat="46.348870000000005" lon="11.54602">
    <ele>1981.0100000000002</ele>
   </trkpt>
   <trkpt lat="46.34877" lon="11.54546">
    <ele>1979.0400000000002</ele>
   </trkpt>
   <trkpt lat="46.348580000000005" lon="11.54521">
    <ele>1977.64</ele>
   </trkpt>
   <trkpt lat="46.348510000000005" lon="11.54509">
    <ele>1976.8100000000002</ele>
   </trkpt>
   <trkpt lat="46.34835" lon="11.54503">
    <ele>1969.95</ele>
   </trkpt>
   <trkpt lat="46.34827000000001" lon="11.54485">
    <ele>1969.4900000000002</ele>
   </trkpt>
   <trkpt lat="46.34812" lon="11.544860000000002">
    <ele>1969.45</ele>
   </trkpt>
   <trkpt lat="46.34788" lon="11.545010000000001">
    <ele>1969.0400000000002</ele>
   </trkpt>
   <trkpt lat="46.34726500037548" lon="11.544679996234025">
    <ele>1963.0200000000002</ele>
   </trkpt>
   <trkpt lat="46.346650000000004" lon="11.544350000000001">
    <ele>1956.26</ele>
   </trkpt>
   <trkpt lat="46.34614500025015" lon="11.544505001387272">
    <ele>1950.5400000000002</ele>
   </trkpt>
   <trkpt lat="46.34564" lon="11.54466">
    <ele>1950.5400000000002</ele>
   </trkpt>
   <trkpt lat="46.345530000000004" lon="11.54456">
    <ele>1950.5400000000002</ele>
   </trkpt>
   <trkpt lat="46.345510000000004" lon="11.544270000000001">
    <ele>1950.5400000000002</ele>
   </trkpt>
   <trkpt lat="46.345530000000004" lon="11.5441">
    <ele>1950.5400000000002</ele>
   </trkpt>
   <trkpt lat="46.34541" lon="11.54381">
    <ele>1950.5400000000002</ele>
   </trkpt>
   <trkpt lat="46.345420000000004" lon="11.543610000000001">
    <ele>1950.5400000000002</ele>
   </trkpt>
   <trkpt lat="46.34499" lon="11.543890000000001">
    <ele>1950.5400000000002</ele>
   </trkpt>
   <trkpt lat="46.34496" lon="11.543170000000002">
    <ele>1950.5400000000002</ele>
   </trkpt>
   <trkpt lat="46.344710000000006" lon="11.543470000000001">
    <ele>1950.5400000000002</ele>
   </trkpt>
   <trkpt lat="46.344530000000006" lon="11.54391">
    <ele>1950.5400000000002</ele>
   </trkpt>
   <trkpt lat="46.344500000000004" lon="11.543640000000002">
    <ele>1950.5400000000002</ele>
   </trkpt>
   <trkpt lat="46.34454" lon="11.54307">
    <ele>1950.5400000000002</ele>
   </trkpt>
   <trkpt lat="46.34475000193393" lon="11.542420002210712">
    <ele>1950.5400000000002</ele>
   </trkpt>
   <trkpt lat="46.34496" lon="11.541770000000001">
    <ele>1774.8700000000001</ele>
   </trkpt>
   <trkpt lat="46.34413000000001" lon="11.54199">
    <ele>1774.8700000000001</ele>
   </trkpt>
   <trkpt lat="46.34433000000001" lon="11.541030000000001">
    <ele>1774.8700000000001</ele>
   </trkpt>
   <trkpt lat="46.34386000000001" lon="11.541110000000002">
    <ele>1774.8700000000001</ele>
   </trkpt>
   <trkpt lat="46.34347" lon="11.541">
    <ele>1774.8700000000001</ele>
   </trkpt>
   <trkpt lat="46.343360000000004" lon="11.54133">
    <ele>1774.8700000000001</ele>
   </trkpt>
   <trkpt lat="46.343210000000006" lon="11.54165">
    <ele>1774.8700000000001</ele>
   </trkpt>
   <trkpt lat="46.343090000000004" lon="11.54179">
    <ele>1774.8700000000001</ele>
   </trkpt>
   <trkpt lat="46.343" lon="11.54212">
    <ele>1774.8700000000001</ele>
   </trkpt>
   <trkpt lat="46.34297" lon="11.542150000000001">
    <ele>1774.8700000000001</ele>
   </trkpt>
   <trkpt lat="46.34292000000001" lon="11.542000000000002">
    <ele>1774.8700000000001</ele>
   </trkpt>
   <trkpt lat="46.342800000000004" lon="11.54184">
    <ele>1774.8700000000001</ele>
   </trkpt>
   <trkpt lat="46.34277" lon="11.541860000000002">
    <ele>1774.8700000000001</ele>
   </trkpt>
   <trkpt lat="46.342760000000006" lon="11.541900000000002">
    <ele>1774.8700000000001</ele>
   </trkpt>
   <trkpt lat="46.34277" lon="11.542000000000002">
    <ele>1774.8700000000001</ele>
   </trkpt>
   <trkpt lat="46.34275" lon="11.54208">
    <ele>1774.8700000000001</ele>
   </trkpt>
   <trkpt lat="46.342690000000005" lon="11.54212">
    <ele>1774.8700000000001</ele>
   </trkpt>
   <trkpt lat="46.34264" lon="11.54227">
    <ele>1774.8700000000001</ele>
   </trkpt>
   <trkpt lat="46.342510000000004" lon="11.5424">
    <ele>1774.8700000000001</ele>
   </trkpt>
   <trkpt lat="46.342490000000005" lon="11.541540000000001">
    <ele>1771.1100000000001</ele>
   </trkpt>
   <trkpt lat="46.34245000000001" lon="11.54132">
    <ele>1771.1100000000001</ele>
   </trkpt>
   <trkpt lat="46.34239" lon="11.541170000000001">
    <ele>1768.8400000000001</ele>
   </trkpt>
   <trkpt lat="46.342080001590425" lon="11.540564996559999">
    <ele>1759.15</ele>
   </trkpt>
   <trkpt lat="46.341770000000004" lon="11.53996">
    <ele>1756.7700000000002</ele>
   </trkpt>
   <trkpt lat="46.34154" lon="11.53936">
    <ele>1753.33</ele>
   </trkpt>
   <trkpt lat="46.34143" lon="11.539420000000002">
    <ele>1766.25</ele>
   </trkpt>
   <trkpt lat="46.341170000000005" lon="11.53972">
    <ele>1763.94</ele>
   </trkpt>
   <trkpt lat="46.340830000000004" lon="11.539610000000001">
    <ele>1765.95</ele>
   </trkpt>
   <trkpt lat="46.340070000000004" lon="11.53911">
    <ele>1760.5100000000002</ele>
   </trkpt>
   <trkpt lat="46.34001000000001" lon="11.538960000000001">
    <ele>1759.2</ele>
   </trkpt>
   <trkpt lat="46.3397" lon="11.538620000000002">
    <ele>1749.41</ele>
   </trkpt>
   <trkpt lat="46.339620000000004" lon="11.53842">
    <ele>1746.19</ele>
   </trkpt>
   <trkpt lat="46.339400000000005" lon="11.53827">
    <ele>1743.89</ele>
   </trkpt>
   <trkpt lat="46.33934000000001" lon="11.537980000000001">
    <ele>1744.3300000000002</ele>
   </trkpt>
   <trkpt lat="46.3387" lon="11.53733">
    <ele>1744.3400000000001</ele>
   </trkpt>
   <trkpt lat="46.338640000000005" lon="11.536980000000002">
    <ele>1743.44</ele>
   </trkpt>
   <trkpt lat="46.338150000000006" lon="11.53649">
    <ele>1738.79</ele>
   </trkpt>
   <trkpt lat="46.337920000000004" lon="11.53611">
    <ele>1736.8200000000002</ele>
   </trkpt>
   <trkpt lat="46.337830000000004" lon="11.535820000000001">
    <ele>1735.92</ele>
   </trkpt>
   <trkpt lat="46.33757000000001" lon="11.535480000000002">
    <ele>1734.32</ele>
   </trkpt>
   <trkpt lat="46.33738" lon="11.53494">
    <ele>1732.8100000000002</ele>
   </trkpt>
   <trkpt lat="46.337140000000005" lon="11.53466">
    <ele>1729.33</ele>
   </trkpt>
   <trkpt lat="46.336870000000005" lon="11.534130000000001">
    <ele>1726.3300000000002</ele>
   </trkpt>
   <trkpt lat="46.33664" lon="11.533510000000001">
    <ele>1722.5800000000002</ele>
   </trkpt>
   <trkpt lat="46.33654000000001" lon="11.53345">
    <ele>1720.28</ele>
   </trkpt>
   <trkpt lat="46.336490000000005" lon="11.533330000000001">
    <ele>1719.47</ele>
   </trkpt>
   <trkpt lat="46.336380000000005" lon="11.53326">
    <ele>1718.8100000000002</ele>
   </trkpt>
   <trkpt lat="46.33601" lon="11.53228">
    <ele>1710.62</ele>
   </trkpt>
   <trkpt lat="46.33565" lon="11.53208">
    <ele>1708.63</ele>
   </trkpt>
   <trkpt lat="46.33556" lon="11.53147">
    <ele>1710.44</ele>
   </trkpt>
   <trkpt lat="46.335100000000004" lon="11.53086">
    <ele>1706.7200000000003</ele>
   </trkpt>
   <trkpt lat="46.334740000000004" lon="11.530330000000001">
    <ele>1702.02</ele>
   </trkpt>
   <trkpt lat="46.334520000000005" lon="11.529890000000002">
    <ele>1698.8500000000001</ele>
   </trkpt>
   <trkpt lat="46.334070000000004" lon="11.529760000000001">
    <ele>1693.13</ele>
   </trkpt>
   <trkpt lat="46.333890000000004" lon="11.529610000000002">
    <ele>1689.8600000000001</ele>
   </trkpt>
   <trkpt lat="46.333940000000005" lon="11.52921">
    <ele>1689.45</ele>
   </trkpt>
   <trkpt lat="46.33363000000001" lon="11.5288">
    <ele>1688.46</ele>
   </trkpt>
   <trkpt lat="46.333400000000005" lon="11.52829">
    <ele>1685.5000000000002</ele>
   </trkpt>
   <trkpt lat="46.33288" lon="11.52767">
    <ele>1682.6900000000003</ele>
   </trkpt>
   <trkpt lat="46.332440000000005" lon="11.527590000000002">
    <ele>1681.8700000000001</ele>
   </trkpt>
   <trkpt lat="46.332300000000004" lon="11.527740000000001">
    <ele>1678.5800000000002</ele>
   </trkpt>
   <trkpt lat="46.33223" lon="11.52777">
    <ele>1677.95</ele>
   </trkpt>
   <trkpt lat="46.332170000000005" lon="11.52768">
    <ele>1677.3300000000002</ele>
   </trkpt>
   <trkpt lat="46.33211000000001" lon="11.526990000000001">
    <ele>1679.38</ele>
   </trkpt>
   <trkpt lat="46.331970000000005" lon="11.52677">
    <ele>1678.6000000000001</ele>
   </trkpt>
   <trkpt lat="46.33166000000001" lon="11.525910000000001">
    <ele>1675.61</ele>
   </trkpt>
   <trkpt lat="46.33127" lon="11.525360000000001">
    <ele>1671.67</ele>
   </trkpt>
   <trkpt lat="46.331070000000004" lon="11.525220000000001">
    <ele>1669.72</ele>
   </trkpt>
   <trkpt lat="46.330690000000004" lon="11.5248">
    <ele>1665.45</ele>
   </trkpt>
   <trkpt lat="46.330420000000004" lon="11.52471">
    <ele>1663.6000000000001</ele>
   </trkpt>
   <trkpt lat="46.329950001600054" lon="11.524074994330729">
    <ele>1659.38</ele>
   </trkpt>
   <trkpt lat="46.329480000000004" lon="11.52344">
    <ele>1651.69</ele>
   </trkpt>
   <trkpt lat="46.328970000000005" lon="11.523100000000001">
    <ele>1643.28</ele>
   </trkpt>
   <trkpt lat="46.32856" lon="11.52293">
    <ele>1638.06</ele>
   </trkpt>
   <trkpt lat="46.32822" lon="11.522580000000001">
    <ele>1635.8700000000001</ele>
   </trkpt>
   <trkpt lat="46.32824" lon="11.52222">
    <ele>1632.98</ele>
   </trkpt>
   <trkpt lat="46.32813" lon="11.522110000000001">
    <ele>1629.69</ele>
   </trkpt>
   <trkpt lat="46.32817000000001" lon="11.521820000000002">
    <ele>1628.26</ele>
   </trkpt>
   <trkpt lat="46.327960000000004" lon="11.52119">
    <ele>1626.78</ele>
   </trkpt>
   <trkpt lat="46.327760000000005" lon="11.521070000000002">
    <ele>1626.13</ele>
   </trkpt>
   <trkpt lat="46.32762" lon="11.520850000000001">
    <ele>1625.72</ele>
   </trkpt>
   <trkpt lat="46.327490000000004" lon="11.52025">
    <ele>1629.14</ele>
   </trkpt>
   <trkpt lat="46.327290000000005" lon="11.52017">
    <ele>1633.52</ele>
   </trkpt>
   <trkpt lat="46.32715" lon="11.5196">
    <ele>1638.3500000000001</ele>
   </trkpt>
   <trkpt lat="46.32703" lon="11.51961">
    <ele>1640.0</ele>
   </trkpt>
   <trkpt lat="46.32694" lon="11.519530000000001">
    <ele>1641.8400000000001</ele>
   </trkpt>
   <trkpt lat="46.32661" lon="11.519380000000002">
    <ele>1648.3500000000001</ele>
   </trkpt>
   <trkpt lat="46.32652" lon="11.518680000000002">
    <ele>1650.6000000000001</ele>
   </trkpt>
   <trkpt lat="46.32616" lon="11.518350000000002">
    <ele>1652.17</ele>
   </trkpt>
   <trkpt lat="46.326220000000006" lon="11.51777">
    <ele>1652.7900000000002</ele>
   </trkpt>
   <trkpt lat="46.32596" lon="11.51763">
    <ele>1654.5700000000002</ele>
   </trkpt>
   <trkpt lat="46.32584000000001" lon="11.517360000000002">
    <ele>1655.3600000000001</ele>
   </trkpt>
   <trkpt lat="46.32587" lon="11.517130000000002">
    <ele>1655.0300000000002</ele>
   </trkpt>
   <trkpt lat="46.32584000000001" lon="11.51701">
    <ele>1654.7200000000003</ele>
   </trkpt>
   <trkpt lat="46.32537000000001" lon="11.51692">
    <ele>1651.07</ele>
   </trkpt>
   <trkpt lat="46.324780000000004" lon="11.517080000000002">
    <ele>1641.1700000000003</ele>
   </trkpt>
   <trkpt lat="46.32424" lon="11.516770000000001">
    <ele>1632.2</ele>
   </trkpt>
   <trkpt lat="46.3241" lon="11.516620000000001">
    <ele>1630.5</ele>
   </trkpt>
   <trkpt lat="46.32377" lon="11.516800000000002">
    <ele>1628.8</ele>
   </trkpt>
   <trkpt lat="46.32377" lon="11.516520000000002">
    <ele>1628.24</ele>
   </trkpt>
   <trkpt lat="46.32347" lon="11.51617">
    <ele>1625.0200000000002</ele>
   </trkpt>
   <trkpt lat="46.323370000000004" lon="11.515820000000001">
    <ele>1618.65</ele>
   </trkpt>
   <trkpt lat="46.32341" lon="11.515690000000001">
    <ele>1614.3400000000001</ele>
   </trkpt>
   <trkpt lat="46.323510000000006" lon="11.515590000000001">
    <ele>1612.7900000000002</ele>
   </trkpt>
   <trkpt lat="46.32332" lon="11.51538">
    <ele>1606.24</ele>
   </trkpt>
   <trkpt lat="46.32334" lon="11.515080000000001">
    <ele>1595.7</ele>
   </trkpt>
   <trkpt lat="46.32327" lon="11.5149">
    <ele>1591.45</ele>
   </trkpt>
   <trkpt lat="46.323350000000005" lon="11.514700000000001">
    <ele>1586.0400000000002</ele>
   </trkpt>
   <trkpt lat="46.323100000000004" lon="11.5143">
    <ele>1574.91</ele>
   </trkpt>
   <trkpt lat="46.32291" lon="11.514180000000001">
    <ele>1570.4</ele>
   </trkpt>
   <trkpt lat="46.32249" lon="11.514230000000001">
    <ele>1559.17</ele>
   </trkpt>
   <trkpt lat="46.32256" lon="11.513950000000001">
    <ele>1550.5300000000002</ele>
   </trkpt>
   <trkpt lat="46.32282000000001" lon="11.513700000000002">
    <ele>1542.2300000000002</ele>
   </trkpt>
   <trkpt lat="46.323040000000006" lon="11.5134">
    <ele>1534.3300000000002</ele>
   </trkpt>
   <trkpt lat="46.32312" lon="11.51326">
    <ele>1529.7200000000003</ele>
   </trkpt>
   <trkpt lat="46.323040000000006" lon="11.513140000000002">
    <ele>1522.82</ele>
   </trkpt>
   <trkpt lat="46.32274" lon="11.51312">
    <ele>1511.74</ele>
   </trkpt>
   <trkpt lat="46.32271" lon="11.51304">
    <ele>1511.74</ele>
   </trkpt>
   <trkpt lat="46.32271" lon="11.512950000000002">
    <ele>1509.6100000000001</ele>
   </trkpt>
   <trkpt lat="46.322790000000005" lon="11.512920000000001">
    <ele>1508.51</ele>
   </trkpt>
   <trkpt lat="46.322860000000006" lon="11.51275">
    <ele>1504.41</ele>
   </trkpt>
   <trkpt lat="46.32285" lon="11.51243">
    <ele>1492.1100000000001</ele>
   </trkpt>
   <trkpt lat="46.32287" lon="11.5121">
    <ele>1485.0200000000002</ele>
   </trkpt>
   <trkpt lat="46.32307" lon="11.511560000000001">
    <ele>1468.49</ele>
   </trkpt>
   <trkpt lat="46.32302000000001" lon="11.51121">
    <ele>1459.27</ele>
   </trkpt>
   <trkpt lat="46.323060000000005" lon="11.510750000000002">
    <ele>1448.2</ele>
   </trkpt>
   <trkpt lat="46.32321" lon="11.51012">
    <ele>1436.2400000000002</ele>
   </trkpt>
   <trkpt lat="46.32327" lon="11.50974">
    <ele>1429.3300000000002</ele>
   </trkpt>
   <trkpt lat="46.32327" lon="11.50965">
    <ele>1428.13</ele>
   </trkpt>
   <trkpt lat="46.323330000000006" lon="11.50941">
    <ele>1422.2</ele>
   </trkpt>
   <trkpt lat="46.323240000000006" lon="11.50914">
    <ele>1415.98</ele>
   </trkpt>
   <trkpt lat="46.32320000000001" lon="11.50876">
    <ele>1405.16</ele>
   </trkpt>
   <trkpt lat="46.323170000000005" lon="11.508280000000001">
    <ele>1401.96</ele>
   </trkpt>
   <trkpt lat="46.323190000000004" lon="11.50786">
    <ele>1394.95</ele>
   </trkpt>
   <trkpt lat="46.323310000000006" lon="11.50741">
    <ele>1387.38</ele>
   </trkpt>
   <trkpt lat="46.32336" lon="11.5066">
    <ele>1374.19</ele>
   </trkpt>
   <trkpt lat="46.323460000000004" lon="11.506060000000002">
    <ele>1366.3100000000002</ele>
   </trkpt>
   <trkpt lat="46.32347" lon="11.505770000000002">
    <ele>1360.0100000000002</ele>
   </trkpt>
   <trkpt lat="46.323600000000006" lon="11.50534">
    <ele>1356.09</ele>
   </trkpt>
   <trkpt lat="46.323620000000005" lon="11.505120000000002">
    <ele>1351.1200000000001</ele>
   </trkpt>
   <trkpt lat="46.32285" lon="11.504510000000002">
    <ele>1342.54</ele>
   </trkpt>
   <trkpt lat="46.322590000000005" lon="11.504240000000001">
    <ele>1339.6000000000001</ele>
   </trkpt>
   <trkpt lat="46.322070000000004" lon="11.503850000000002">
    <ele>1329.91</ele>
   </trkpt>
   <trkpt lat="46.32159" lon="11.50345">
    <ele>1323.35</ele>
   </trkpt>
   <trkpt lat="46.32142" lon="11.503380000000002">
    <ele>1320.78</ele>
   </trkpt>
   <trkpt lat="46.32096000000001" lon="11.503910000000001">
    <ele>1320.1200000000001</ele>
   </trkpt>
   <trkpt lat="46.320780000000006" lon="11.50393">
    <ele>1318.0</ele>
   </trkpt>
   <trkpt lat="46.32065" lon="11.50388">
    <ele>1316.4300000000003</ele>
   </trkpt>
   <trkpt lat="46.320570000000004" lon="11.503760000000002">
    <ele>1313.0400000000002</ele>
   </trkpt>
   <trkpt lat="46.32038000000001" lon="11.50341">
    <ele>1308.3700000000001</ele>
   </trkpt>
   <trkpt lat="46.31993000000001" lon="11.502650000000001">
    <ele>1291.7900000000002</ele>
   </trkpt>
   <trkpt lat="46.32001" lon="11.502550000000001">
    <ele>1288.89</ele>
   </trkpt>
   <trkpt lat="46.32005" lon="11.502410000000001">
    <ele>1288.03</ele>
   </trkpt>
   <trkpt lat="46.320220000000006" lon="11.50237">
    <ele>1290.3300000000002</ele>
   </trkpt>
   <trkpt lat="46.320530000000005" lon="11.50223">
    <ele>1295.77</ele>
   </trkpt>
   <trkpt lat="46.32079" lon="11.502">
    <ele>1299.3000000000002</ele>
   </trkpt>
   <trkpt lat="46.32072" lon="11.501750000000001">
    <ele>1297.22</ele>
   </trkpt>
   <trkpt lat="46.320690000000006" lon="11.50177">
    <ele>1289.26</ele>
   </trkpt>
   <trkpt lat="46.320460000000004" lon="11.501750000000001">
    <ele>1286.8400000000001</ele>
   </trkpt>
   <trkpt lat="46.31995999995211" lon="11.50164499902033">
    <ele>1280.0800000000002</ele>
   </trkpt>
   <trkpt lat="46.31946000000001" lon="11.50154">
    <ele>1272.92</ele>
   </trkpt>
   <trkpt lat="46.31955000000001" lon="11.501100000000001">
    <ele>1275.38</ele>
   </trkpt>
   <trkpt lat="46.319610000000004" lon="11.500710000000002">
    <ele>1274.7700000000002</ele>
   </trkpt>
   <trkpt lat="46.319500000000005" lon="11.500160000000001">
    <ele>1274.66</ele>
   </trkpt>
   <trkpt lat="46.31946000000001" lon="11.50009">
    <ele>1274.66</ele>
   </trkpt>
   <trkpt lat="46.31933" lon="11.500010000000001">
    <ele>1274.8600000000001</ele>
   </trkpt>
   <trkpt lat="46.31922" lon="11.49985">
    <ele>1276.54</ele>
   </trkpt>
   <trkpt lat="46.319140000000004" lon="11.499580000000002">
    <ele>1279.16</ele>
   </trkpt>
   <trkpt lat="46.31877" lon="11.49924">
    <ele>1286.94</ele>
   </trkpt>
   <trkpt lat="46.31855" lon="11.498520000000001">
    <ele>1293.2400000000002</ele>
   </trkpt>
   <trkpt lat="46.318250000000006" lon="11.49792">
    <ele>1295.14</ele>
   </trkpt>
   <trkpt lat="46.31812" lon="11.49774">
    <ele>1295.0400000000002</ele>
   </trkpt>
   <trkpt lat="46.318110000000004" lon="11.49773">
    <ele>1295.0400000000002</ele>
   </trkpt>
   <trkpt lat="46.31804" lon="11.49769">
    <ele>1295.0300000000002</ele>
   </trkpt>
   <trkpt lat="46.3175" lon="11.497810000000001">
    <ele>1298.67</ele>
   </trkpt>
   <trkpt lat="46.31699000014805" lon="11.498015001924736">
    <ele>1300.19</ele>
   </trkpt>
   <trkpt lat="46.316480000000006" lon="11.498220000000002">
    <ele>1300.7300000000002</ele>
   </trkpt>
   <trkpt lat="46.315720000000006" lon="11.49867">
    <ele>1302.8700000000001</ele>
   </trkpt>
   <trkpt lat="46.31544" lon="11.499020000000002">
    <ele>1305.29</ele>
   </trkpt>
   <trkpt lat="46.315290000000005" lon="11.49915">
    <ele>1305.93</ele>
   </trkpt>
   <trkpt lat="46.314890000000005" lon="11.49937">
    <ele>1304.39</ele>
   </trkpt>
   <trkpt lat="46.31457" lon="11.499490000000002">
    <ele>1303.4</ele>
   </trkpt>
   <trkpt lat="46.314370000000004" lon="11.499490000000002">
    <ele>1303.65</ele>
   </trkpt>
   <trkpt lat="46.31420000000001" lon="11.499530000000002">
    <ele>1303.98</ele>
   </trkpt>
   <trkpt lat="46.313790000000004" lon="11.499740000000001">
    <ele>1304.0200000000002</ele>
   </trkpt>
   <trkpt lat="46.31336" lon="11.499860000000002">
    <ele>1303.49</ele>
   </trkpt>
   <trkpt lat="46.31297000000001" lon="11.499880000000001">
    <ele>1302.8700000000001</ele>
   </trkpt>
   <trkpt lat="46.312760000000004" lon="11.499920000000001">
    <ele>1302.39</ele>
   </trkpt>
   <trkpt lat="46.31221" lon="11.499830000000001">
    <ele>1301.2400000000002</ele>
   </trkpt>
   <trkpt lat="46.31204" lon="11.49984">
    <ele>1300.51</ele>
   </trkpt>
   <trkpt lat="46.311930000000004" lon="11.49979">
    <ele>1300.3999999999999</ele>
   </trkpt>
   <trkpt lat="46.311820000000004" lon="11.499680000000001">
    <ele>1300.43</ele>
   </trkpt>
   <trkpt lat="46.31172" lon="11.499540000000001">
    <ele>1300.8500000000001</ele>
   </trkpt>
   <trkpt lat="46.311350000000004" lon="11.49882">
    <ele>1306.9400000000003</ele>
   </trkpt>
   <trkpt lat="46.311280000000004" lon="11.498740000000002">
    <ele>1308.5900000000001</ele>
   </trkpt>
   <trkpt lat="46.31119" lon="11.49868">
    <ele>1308.5900000000001</ele>
   </trkpt>
   <trkpt lat="46.31092" lon="11.49859">
    <ele>1311.8100000000002</ele>
   </trkpt>
   <trkpt lat="46.31049" lon="11.498240000000001">
    <ele>1314.99</ele>
   </trkpt>
   <trkpt lat="46.310340000000004" lon="11.498170000000002">
    <ele>1317.11</ele>
   </trkpt>
   <trkpt lat="46.309960000000004" lon="11.498230000000001">
    <ele>1319.91</ele>
   </trkpt>
   <trkpt lat="46.309810000000006" lon="11.498320000000001">
    <ele>1320.3400000000001</ele>
   </trkpt>
   <trkpt lat="46.30969" lon="11.498360000000002">
    <ele>1320.3700000000001</ele>
   </trkpt>
   <trkpt lat="46.309580000000004" lon="11.49834">
    <ele>1320.3</ele>
   </trkpt>
   <trkpt lat="46.30908" lon="11.49816">
    <ele>1320.69</ele>
   </trkpt>
   <trkpt lat="46.308980000000005" lon="11.498140000000001">
    <ele>1321.71</ele>
   </trkpt>
   <trkpt lat="46.308870000000006" lon="11.49815">
    <ele>1322.5600000000002</ele>
   </trkpt>
   <trkpt lat="46.30876000000001" lon="11.498090000000001">
    <ele>1324.5200000000002</ele>
   </trkpt>
   <trkpt lat="46.308460000000004" lon="11.497660000000002">
    <ele>1326.42</ele>
   </trkpt>
   <trkpt lat="46.308080000000004" lon="11.497250000000001">
    <ele>1325.55</ele>
   </trkpt>
   <trkpt lat="46.307880000000004" lon="11.497150000000001">
    <ele>1325.3000000000002</ele>
   </trkpt>
   <trkpt lat="46.307770000000005" lon="11.497160000000001">
    <ele>1325.3400000000001</ele>
   </trkpt>
   <trkpt lat="46.30754" lon="11.49736">
    <ele>1325.68</ele>
   </trkpt>
   <trkpt lat="46.30733" lon="11.4976">
    <ele>1327.5</ele>
   </trkpt>
   <trkpt lat="46.307230000000004" lon="11.497660000000002">
    <ele>1327.5</ele>
   </trkpt>
   <trkpt lat="46.306990000000006" lon="11.49774">
    <ele>1332.42</ele>
   </trkpt>
   <trkpt lat="46.30668000000001" lon="11.497810000000001">
    <ele>1333.3400000000001</ele>
   </trkpt>
   <trkpt lat="46.30632000000001" lon="11.49782">
    <ele>1334.16</ele>
   </trkpt>
   <trkpt lat="46.306180000000005" lon="11.49779">
    <ele>1334.3200000000002</ele>
   </trkpt>
   <trkpt lat="46.30601" lon="11.49769">
    <ele>1334.48</ele>
   </trkpt>
   <trkpt lat="46.30561" lon="11.497560000000002">
    <ele>1335.88</ele>
   </trkpt>
   <trkpt lat="46.30505" lon="11.49741">
    <ele>1336.1900000000003</ele>
   </trkpt>
   <trkpt lat="46.30503" lon="11.497340000000001">
    <ele>1337.0900000000001</ele>
   </trkpt>
   <trkpt lat="46.304950000000005" lon="11.497240000000001">
    <ele>1337.7500000000002</ele>
   </trkpt>
   <trkpt lat="46.3049" lon="11.497110000000001">
    <ele>1337.7500000000002</ele>
   </trkpt>
   <trkpt lat="46.30489" lon="11.496960000000001">
    <ele>1340.3</ele>
   </trkpt>
   <trkpt lat="46.30482000000001" lon="11.496690000000001">
    <ele>1341.53</ele>
   </trkpt>
   <trkpt lat="46.30456" lon="11.495940000000001">
    <ele>1345.1000000000001</ele>
   </trkpt>
   <trkpt lat="46.30454" lon="11.49525">
    <ele>1340.09</ele>
   </trkpt>
   <trkpt lat="46.30458" lon="11.4951">
    <ele>1338.24</ele>
   </trkpt>
   <trkpt lat="46.304660000000005" lon="11.494940000000001">
    <ele>1337.15</ele>
   </trkpt>
   <trkpt lat="46.30469" lon="11.49483">
    <ele>1336.27</ele>
   </trkpt>
   <trkpt lat="46.30476" lon="11.494200000000001">
    <ele>1334.8300000000002</ele>
   </trkpt>
   <trkpt lat="46.304730000000006" lon="11.494050000000001">
    <ele>1334.6</ele>
   </trkpt>
   <trkpt lat="46.304660000000005" lon="11.49394">
    <ele>1334.3</ele>
   </trkpt>
   <trkpt lat="46.30444000000001" lon="11.49388">
    <ele>1333.8700000000001</ele>
   </trkpt>
   <trkpt lat="46.30425" lon="11.493720000000001">
    <ele>1333.9</ele>
   </trkpt>
   <trkpt lat="46.303960000000004" lon="11.493340000000002">
    <ele>1333.2700000000002</ele>
   </trkpt>
   <trkpt lat="46.30359000000001" lon="11.492700000000001">
    <ele>1332.2800000000002</ele>
   </trkpt>
   <trkpt lat="46.30351" lon="11.49262">
    <ele>1331.96</ele>
   </trkpt>
   <trkpt lat="46.3034" lon="11.492450000000002">
    <ele>1331.23</ele>
   </trkpt>
   <trkpt lat="46.303470000000004" lon="11.492030000000002">
    <ele>1335.76</ele>
   </trkpt>
   <trkpt lat="46.303540000000005" lon="11.49183">
    <ele>1338.38</ele>
   </trkpt>
   <trkpt lat="46.30362" lon="11.49174">
    <ele>1340.5</ele>
   </trkpt>
   <trkpt lat="46.30335" lon="11.491240000000001">
    <ele>1337.9800000000002</ele>
   </trkpt>
   <trkpt lat="46.303360000000005" lon="11.49102">
    <ele>1312.4600000000003</ele>
   </trkpt>
   <trkpt lat="46.30312000000001" lon="11.49036">
    <ele>1304.81</ele>
   </trkpt>
   <trkpt lat="46.30294000000001" lon="11.49014">
    <ele>1301.76</ele>
   </trkpt>
   <trkpt lat="46.30274000000001" lon="11.490060000000001">
    <ele>1300.25</ele>
   </trkpt>
   <trkpt lat="46.302400000000006" lon="11.489960000000002">
    <ele>1297.01</ele>
   </trkpt>
   <trkpt lat="46.30227000000001" lon="11.48981">
    <ele>1293.0700000000002</ele>
   </trkpt>
   <trkpt lat="46.302020000000006" lon="11.48942">
    <ele>1289.44</ele>
   </trkpt>
   <trkpt lat="46.301640000000006" lon="11.48877">
    <ele>1284.4</ele>
   </trkpt>
   <trkpt lat="46.30158" lon="11.488740000000002">
    <ele>1283.69</ele>
   </trkpt>
   <trkpt lat="46.301520000000004" lon="11.48863">
    <ele>1282.14</ele>
   </trkpt>
   <trkpt lat="46.30143" lon="11.488560000000001">
    <ele>1280.45</ele>
   </trkpt>
   <trkpt lat="46.301210000000005" lon="11.488470000000001">
    <ele>1275.89</ele>
   </trkpt>
   <trkpt lat="46.300990000000006" lon="11.48834">
    <ele>1268.21</ele>
   </trkpt>
   <trkpt lat="46.30078" lon="11.487950000000001">
    <ele>1262.9800000000002</ele>
   </trkpt>
   <trkpt lat="46.300700000000006" lon="11.4875">
    <ele>1260.52</ele>
   </trkpt>
   <trkpt lat="46.30068000000001" lon="11.487020000000001">
    <ele>1256.46</ele>
   </trkpt>
   <trkpt lat="46.30095" lon="11.486400000000001">
    <ele>1253.21</ele>
   </trkpt>
   <trkpt lat="46.30156" lon="11.48562">
    <ele>1251.73</ele>
   </trkpt>
   <trkpt lat="46.301790000000004" lon="11.48548">
    <ele>1251.72</ele>
   </trkpt>
   <trkpt lat="46.301970000000004" lon="11.485040000000001">
    <ele>1251.9900000000002</ele>
   </trkpt>
   <trkpt lat="46.30256000000001" lon="11.484350000000001">
    <ele>1251.2800000000002</ele>
   </trkpt>
   <trkpt lat="46.302730000000004" lon="11.484210000000001">
    <ele>1250.9</ele>
   </trkpt>
   <trkpt lat="46.30299" lon="11.484140000000002">
    <ele>1250.76</ele>
   </trkpt>
   <trkpt lat="46.303430000000006" lon="11.484150000000001">
    <ele>1250.95</ele>
   </trkpt>
   <trkpt lat="46.303580000000004" lon="11.484210000000001">
    <ele>1250.69</ele>
   </trkpt>
   <trkpt lat="46.303650000000005" lon="11.48417">
    <ele>1250.6200000000001</ele>
   </trkpt>
   <trkpt lat="46.30366" lon="11.484050000000002">
    <ele>1250.3300000000002</ele>
   </trkpt>
   <trkpt lat="46.30353" lon="11.483400000000001">
    <ele>1250.44</ele>
   </trkpt>
   <trkpt lat="46.30350000000001" lon="11.483060000000002">
    <ele>1250.5400000000002</ele>
   </trkpt>
   <trkpt lat="46.303630000000005" lon="11.482700000000001">
    <ele>1249.33</ele>
   </trkpt>
   <trkpt lat="46.30375" lon="11.48248">
    <ele>1249.18</ele>
   </trkpt>
   <trkpt lat="46.303830000000005" lon="11.482270000000002">
    <ele>1249.2800000000002</ele>
   </trkpt>
   <trkpt lat="46.303760000000004" lon="11.48192">
    <ele>1250.21</ele>
   </trkpt>
   <trkpt lat="46.303540000000005" lon="11.481630000000001">
    <ele>1253.47</ele>
   </trkpt>
   <trkpt lat="46.30331" lon="11.481440000000001">
    <ele>1254.8300000000002</ele>
   </trkpt>
   <trkpt lat="46.303230000000006" lon="11.481250000000001">
    <ele>1257.43</ele>
   </trkpt>
   <trkpt lat="46.30301" lon="11.481100000000001">
    <ele>1259.36</ele>
   </trkpt>
   <trkpt lat="46.302960000000006" lon="11.48094">
    <ele>1260.3200000000002</ele>
   </trkpt>
   <trkpt lat="46.30293" lon="11.48061">
    <ele>1261.18</ele>
   </trkpt>
   <trkpt lat="46.302820000000004" lon="11.48029">
    <ele>1262.31</ele>
   </trkpt>
   <trkpt lat="46.30248500128363" lon="11.479704996057105">
    <ele>1265.26</ele>
   </trkpt>
   <trkpt lat="46.302150000000005" lon="11.479120000000002">
    <ele>1263.32</ele>
   </trkpt>
   <trkpt lat="46.30180000000001" lon="11.47836">
    <ele>1263.83</ele>
   </trkpt>
   <trkpt lat="46.3016" lon="11.47775">
    <ele>1265.66</ele>
   </trkpt>
   <trkpt lat="46.301570000000005" lon="11.477440000000001">
    <ele>1265.88</ele>
   </trkpt>
   <trkpt lat="46.30153000000001" lon="11.47728">
    <ele>1265.5700000000002</ele>
   </trkpt>
   <trkpt lat="46.30122" lon="11.476500000000001">
    <ele>1264.5900000000001</ele>
   </trkpt>
   <trkpt lat="46.300990000000006" lon="11.475650000000002">
    <ele>1267.26</ele>
   </trkpt>
   <trkpt lat="46.30098" lon="11.47544">
    <ele>1267.2500000000002</ele>
   </trkpt>
   <trkpt lat="46.30107" lon="11.47483">
    <ele>1266.8100000000002</ele>
   </trkpt>
   <trkpt lat="46.30116" lon="11.4746">
    <ele>1265.3500000000001</ele>
   </trkpt>
   <trkpt lat="46.301280000000006" lon="11.474400000000001">
    <ele>1262.0300000000002</ele>
   </trkpt>
   <trkpt lat="46.30155000119469" lon="11.473870002672003">
    <ele>1259.29</ele>
   </trkpt>
   <trkpt lat="46.301820000000006" lon="11.47334">
    <ele>1255.97</ele>
   </trkpt>
   <trkpt lat="46.30218000000001" lon="11.472430000000001">
    <ele>1250.95</ele>
   </trkpt>
   <trkpt lat="46.302400000000006" lon="11.47197">
    <ele>1245.6200000000001</ele>
   </trkpt>
   <trkpt lat="46.30292" lon="11.470970000000001">
    <ele>1236.04</ele>
   </trkpt>
   <trkpt lat="46.30306" lon="11.470790000000001">
    <ele>1232.75</ele>
   </trkpt>
   <trkpt lat="46.30324" lon="11.47071">
    <ele>1230.3400000000001</ele>
   </trkpt>
   <trkpt lat="46.30351" lon="11.47052">
    <ele>1226.64</ele>
   </trkpt>
   <trkpt lat="46.30424000000001" lon="11.469940000000001">
    <ele>1213.72</ele>
   </trkpt>
   <trkpt lat="46.30444000000001" lon="11.469840000000001">
    <ele>1209.53</ele>
   </trkpt>
   <trkpt lat="46.304590000000005" lon="11.469690000000002">
    <ele>1207.5500000000002</ele>
   </trkpt>
   <trkpt lat="46.304700000000004" lon="11.469460000000002">
    <ele>1206.2</ele>
   </trkpt>
   <trkpt lat="46.30480000000001" lon="11.46897">
    <ele>1203.6200000000001</ele>
   </trkpt>
   <trkpt lat="46.3049" lon="11.468820000000001">
    <ele>1201.5800000000002</ele>
   </trkpt>
   <trkpt lat="46.305330000000005" lon="11.46855">
    <ele>1196.71</ele>
   </trkpt>
   <trkpt lat="46.30541" lon="11.46845">
    <ele>1196.3000000000002</ele>
   </trkpt>
   <trkpt lat="46.305240000000005" lon="11.468390000000001">
    <ele>1194.69</ele>
   </trkpt>
   <trkpt lat="46.30516" lon="11.468300000000001">
    <ele>1194.22</ele>
   </trkpt>
   <trkpt lat="46.304750000000006" lon="11.46779">
    <ele>1188.23</ele>
   </trkpt>
   <trkpt lat="46.304590000000005" lon="11.467550000000001">
    <ele>1184.71</ele>
   </trkpt>
   <trkpt lat="46.30444000000001" lon="11.46743">
    <ele>1183.27</ele>
   </trkpt>
   <trkpt lat="46.30435000000001" lon="11.467390000000002">
    <ele>1182.3799999999999</ele>
   </trkpt>
   <trkpt lat="46.304260000000006" lon="11.467390000000002">
    <ele>1181.5800000000002</ele>
   </trkpt>
   <trkpt lat="46.30418" lon="11.46747">
    <ele>1181.5800000000002</ele>
   </trkpt>
   <trkpt lat="46.304140000000004" lon="11.467590000000001">
    <ele>1180.5</ele>
   </trkpt>
   <trkpt lat="46.30406000000001" lon="11.467630000000002">
    <ele>1179.75</ele>
   </trkpt>
   <trkpt lat="46.30397000000001" lon="11.467590000000001">
    <ele>1177.78</ele>
   </trkpt>
   <trkpt lat="46.303540000000005" lon="11.46719">
    <ele>1174.42</ele>
   </trkpt>
   <trkpt lat="46.303160000000005" lon="11.4669">
    <ele>1170.49</ele>
   </trkpt>
   <trkpt lat="46.30266000075983" lon="11.466469996033254">
    <ele>1162.38</ele>
   </trkpt>
   <trkpt lat="46.30216" lon="11.466040000000001">
    <ele>1158.53</ele>
   </trkpt>
   <trkpt lat="46.30180000000001" lon="11.465840000000002">
    <ele>1154.7800000000002</ele>
   </trkpt>
   <trkpt lat="46.301660000000005" lon="11.46583">
    <ele>1154.08</ele>
   </trkpt>
   <trkpt lat="46.3016" lon="11.46579">
    <ele>1154.08</ele>
   </trkpt>
   <trkpt lat="46.301570000000005" lon="11.465720000000001">
    <ele>1153.34</ele>
   </trkpt>
   <trkpt lat="46.30145" lon="11.46569">
    <ele>1153.04</ele>
   </trkpt>
   <trkpt lat="46.30111" lon="11.465620000000001">
    <ele>1151.93</ele>
   </trkpt>
   <trkpt lat="46.30048" lon="11.46554">
    <ele>1150.08</ele>
   </trkpt>
   <trkpt lat="46.29988499999627" lon="11.46555000010874">
    <ele>1148.5800000000002</ele>
   </trkpt>
   <trkpt lat="46.299290000000006" lon="11.465560000000002">
    <ele>1147.0800000000002</ele>
   </trkpt>
   <trkpt lat="46.299110000000006" lon="11.465580000000001">
    <ele>1146.65</ele>
   </trkpt>
   <trkpt lat="46.299020000000006" lon="11.465620000000001">
    <ele>1146.4</ele>
   </trkpt>
   <trkpt lat="46.29887" lon="11.46574">
    <ele>1145.93</ele>
   </trkpt>
   <trkpt lat="46.298750000000005" lon="11.465910000000001">
    <ele>1145.93</ele>
   </trkpt>
   <trkpt lat="46.29867" lon="11.466090000000001">
    <ele>1145.93</ele>
   </trkpt>
   <trkpt lat="46.2986" lon="11.466310000000002">
    <ele>1144.8200000000002</ele>
   </trkpt>
   <trkpt lat="46.298500000000004" lon="11.466970000000002">
    <ele>1144.65</ele>
   </trkpt>
   <trkpt lat="46.29849" lon="11.46723">
    <ele>1144.44</ele>
   </trkpt>
   <trkpt lat="46.298550000000006" lon="11.46771">
    <ele>1143.9</ele>
   </trkpt>
   <trkpt lat="46.298550000000006" lon="11.467870000000001">
    <ele>1143.9</ele>
   </trkpt>
   <trkpt lat="46.29848500181559" lon="11.4685150007439">
    <ele>1143.14</ele>
   </trkpt>
   <trkpt lat="46.29842000000001" lon="11.46916">
    <ele>1142.14</ele>
   </trkpt>
   <trkpt lat="46.29838" lon="11.469330000000001">
    <ele>1141.8300000000002</ele>
   </trkpt>
   <trkpt lat="46.298320000000004" lon="11.469410000000002">
    <ele>1141.8300000000002</ele>
   </trkpt>
   <trkpt lat="46.298230000000004" lon="11.469430000000001">
    <ele>1140.93</ele>
   </trkpt>
   <trkpt lat="46.29813" lon="11.46939">
    <ele>1140.93</ele>
   </trkpt>
   <trkpt lat="46.29802" lon="11.46925">
    <ele>1140.6100000000001</ele>
   </trkpt>
   <trkpt lat="46.29791" lon="11.46917">
    <ele>1139.8700000000001</ele>
   </trkpt>
   <trkpt lat="46.297830000000005" lon="11.46915">
    <ele>1139.8700000000001</ele>
   </trkpt>
   <trkpt lat="46.29742" lon="11.46926">
    <ele>1138.86</ele>
   </trkpt>
   <trkpt lat="46.29731" lon="11.46903">
    <ele>1137.39</ele>
   </trkpt>
   <trkpt lat="46.29713" lon="11.46874">
    <ele>1133.68</ele>
   </trkpt>
   <trkpt lat="46.29699" lon="11.468440000000001">
    <ele>1130.6200000000001</ele>
   </trkpt>
   <trkpt lat="46.296850000000006" lon="11.46808">
    <ele>1127.89</ele>
   </trkpt>
   <trkpt lat="46.29645000000001" lon="11.46756">
    <ele>1121.99</ele>
   </trkpt>
   <trkpt lat="46.29621500201943" lon="11.466879997093077">
    <ele>1118.5200000000002</ele>
   </trkpt>
   <trkpt lat="46.29598000000001" lon="11.4662">
    <ele>1113.7400000000002</ele>
   </trkpt>
   <trkpt lat="46.29601" lon="11.465800000000002">
    <ele>1110.06</ele>
   </trkpt>
   <trkpt lat="46.29599" lon="11.46554">
    <ele>1108.88</ele>
   </trkpt>
   <trkpt lat="46.29578" lon="11.465100000000001">
    <ele>1102.0700000000002</ele>
   </trkpt>
   <trkpt lat="46.29549" lon="11.464550000000001">
    <ele>1094.44</ele>
   </trkpt>
   <trkpt lat="46.29531" lon="11.46413">
    <ele>1089.52</ele>
   </trkpt>
   <trkpt lat="46.295260000000006" lon="11.463920000000002">
    <ele>1089.52</ele>
   </trkpt>
   <trkpt lat="46.29527" lon="11.463790000000001">
    <ele>1087.93</ele>
   </trkpt>
   <trkpt lat="46.29522" lon="11.46372">
    <ele>1087.93</ele>
   </trkpt>
   <trkpt lat="46.295080000000006" lon="11.46363">
    <ele>1085.7100000000003</ele>
   </trkpt>
   <trkpt lat="46.29473" lon="11.46362">
    <ele>1083.1200000000001</ele>
   </trkpt>
   <trkpt lat="46.29455" lon="11.463650000000001">
    <ele>1082.3700000000001</ele>
   </trkpt>
   <trkpt lat="46.29415" lon="11.463830000000002">
    <ele>1080.54</ele>
   </trkpt>
   <trkpt lat="46.293760000000006" lon="11.464030000000001">
    <ele>1077.55</ele>
   </trkpt>
   <trkpt lat="46.293470000000006" lon="11.464">
    <ele>1074.4600000000003</ele>
   </trkpt>
   <trkpt lat="46.29334" lon="11.464070000000001">
    <ele>1072.7</ele>
   </trkpt>
   <trkpt lat="46.293220000000005" lon="11.46443">
    <ele>1071.3799999999999</ele>
   </trkpt>
   <trkpt lat="46.29294" lon="11.46485">
    <ele>1067.59</ele>
   </trkpt>
   <trkpt lat="46.29276" lon="11.46507">
    <ele>1066.8600000000001</ele>
   </trkpt>
   <trkpt lat="46.29269" lon="11.46512">
    <ele>1066.8600000000001</ele>
   </trkpt>
   <trkpt lat="46.292770000000004" lon="11.464500000000001">
    <ele>1062.3200000000002</ele>
   </trkpt>
   <trkpt lat="46.29278" lon="11.46413">
    <ele>1060.09</ele>
   </trkpt>
   <trkpt lat="46.29271000000001" lon="11.464120000000001">
    <ele>1058.87</ele>
   </trkpt>
   <trkpt lat="46.29258" lon="11.464210000000001">
    <ele>1055.7500000000002</ele>
   </trkpt>
   <trkpt lat="46.29205" lon="11.465110000000001">
    <ele>1046.8600000000001</ele>
   </trkpt>
   <trkpt lat="46.291990000000006" lon="11.465050000000002">
    <ele>1044.7600000000002</ele>
   </trkpt>
   <trkpt lat="46.292" lon="11.46489">
    <ele>1043.5</ele>
   </trkpt>
   <trkpt lat="46.29225" lon="11.463970000000002">
    <ele>1036.0200000000002</ele>
   </trkpt>
   <trkpt lat="46.29233000342666" lon="11.463085001152509">
    <ele>1027.46</ele>
   </trkpt>
   <trkpt lat="46.292410000000004" lon="11.462200000000001">
    <ele>1020.5500000000001</ele>
   </trkpt>
   <trkpt lat="46.29238" lon="11.46197">
    <ele>1019.2</ele>
   </trkpt>
   <trkpt lat="46.292460000000005" lon="11.46127">
    <ele>1015.5800000000002</ele>
   </trkpt>
   <trkpt lat="46.29263" lon="11.460460000000001">
    <ele>1009.8</ele>
   </trkpt>
   <trkpt lat="46.292440000000006" lon="11.460410000000001">
    <ele>1008.32</ele>
   </trkpt>
   <trkpt lat="46.292300000000004" lon="11.460270000000001">
    <ele>1007.6700000000001</ele>
   </trkpt>
   <trkpt lat="46.29216" lon="11.460170000000002">
    <ele>1004.95</ele>
   </trkpt>
   <trkpt lat="46.29196" lon="11.460130000000001">
    <ele>1003.3700000000001</ele>
   </trkpt>
   <trkpt lat="46.29178" lon="11.460130000000001">
    <ele>1000.0</ele>
   </trkpt>
   <trkpt lat="46.29178" lon="11.4601">
    <ele>1000.0</ele>
   </trkpt>
   <trkpt lat="46.29166" lon="11.46">
    <ele>999.11</ele>
   </trkpt>
   <trkpt lat="46.291630000000005" lon="11.460080000000001">
    <ele>998.2900000000001</ele>
   </trkpt>
   <trkpt lat="46.291360000000005" lon="11.460350000000002">
    <ele>997.6300000000001</ele>
   </trkpt>
   <trkpt lat="46.29126" lon="11.460540000000002">
    <ele>997.65</ele>
   </trkpt>
   <trkpt lat="46.29124" lon="11.46081">
    <ele>997.65</ele>
   </trkpt>
   <trkpt lat="46.29111" lon="11.461310000000001">
    <ele>998.4000000000001</ele>
   </trkpt>
   <trkpt lat="46.29095" lon="11.46183">
    <ele>998.7800000000001</ele>
   </trkpt>
   <trkpt lat="46.29066" lon="11.46283">
    <ele>1000.14</ele>
   </trkpt>
  </trkseg>
 </trk>
</gpx>
